id,selection,year_of_selection,mission_number,total_number_of_missions,occupation,year_of_mission,mission_title
1,TsPK-1,1960,1,1,pilot,1961,Vostok 1
2,TsPK-1,1960,1,1,pilot,1961,Vostok 2
3,NASA Astronaut Group 1,1959,1,2,pilot,1962,MA-6
4,NASA Astronaut Group 2,1959,2,2,PSP,1998,STS-95
5,NASA- 1,1959,1,1,Pilot,1962,Mercury-Atlas 7
6,TsPK-1,1960,1,2,pilot,1962,Vostok 3
7,TsPK-2,1960,2,2,pilot,1970,Soyuz 9
8,TsPK-1,1960,1,2,pilot,1962,Vostok 4
9,TsPK-2,1960,2,2,commander,1974,Soyuz 14
10,1959 NASA group 1,1959,1,3,pilot,1962,Mercury-Atlas 8
11,1960 NASA group 1,1959,2,3,commander,1965,Gemini 6A
12,1961 NASA group 1,1959,3,3,commander,1968,Apollo 7
13,NASA- 1,1959,1,2,pilot,1963,Mercury-Atlas 9
14,NASA- 1,1959,2,2,commander,1965,Gemini 5
15,TsPK-1,1960,1,3,pilot,1963,Vostok 5
16,TsPK-2,1960,2,3,commander,1976,Soyuz 22
17,TsPK-3,1960,3,3,commander,1978,Soyuz 31/29
18,VVS Women,1962,1,1,pilot,1963,Vostok 6
19,TsPK-1,1960,1,2,commander,1964,Voskhod 1
20,TsPK-2,1960,2,2,commander,1967,Soyuz 1
21,Voskhod-1 / TsKBEM-1,1964,1,1,MSP,1964,Voskhod 1
22,Voskhod-1,1964,1,1,MSP,1964,Voskhod 1
23,TsPK-1,1960,1,1,commander,1965,Voskhod 2
24,TsPK-1,1960,1,2,pilot,1965,Voskhod 2
25,TsPK-2,1960,2,2,commander,1975,Soyuz 19
26,NASA Astronaut Group 2,1959,1,1,commander,1965,Gemini 3
27,1962 NASA group 2,1962,1,6,pilot,1965,Gemini 3
28,1963 NASA group 2,1962,2,6,pilot,1966,Gemini 10
29,1964 NASA group 2,1962,3,6,pilot,1969,Apollo 10
30,1965 NASA group 2,1962,4,6,commander,1972,Apollo 16
31,1966 NASA group 2,1962,5,6,commander,1981,STS-1
32,1967 NASA group 2,1962,6,6,commander,1983,STS-9
33,NASA- 2,1962,1,2,commander,1965,Gemini 4
34,NASA- 2,1962,2,2,commander,1969,Apollo 9
35,1962 NASA group 2,1962,1,1,pilot,1965,Gemini 4
36,NASA- 2,1962,1,4,pilot,1965,Gemini 5
37,NASA- 2,1962,2,4,commander,1966,Gemini 11
38,NASA- 2,1962,3,4,commander,1969,Apollo 12
39,NASA- 2,1962,4,4,commander,1973,Skylab 2
40,NASA- 2,1962,1,2,commander,1965,Gemini 7
41,NASA- 2,1962,2,2,commander,1968,Apollo 8
42,NASA- 2,1962,1,4,pilot,1965,Gemini 7
43,NASA- 2,1962,2,4,commander,1966,Gemini 12
44,NASA- 2,1962,3,4,pilot,1968,Apollo 8
45,NASA- 2,1962,4,4,commander,1970,Apollo 13
46,1996 NASA group,1962,1,4,pilot,1965,gemini 6A
47,1996 NASA group,1962,2,4,commander,1966,Gemini 9A
48,1996 NASA group,1962,3,4,commander,1969,Apollo 10
49,1996 NASA group,1962,4,4,commander,1975,ASTP
50,"1958 USAF Man in Space Soonest, 1960 USAF Dyna-Soar, NASA- 2",1962,1,2,commander,1966,Gemini 8
51,"1958 USAF Man in Space Soonest, 1960 USAF Dyna-Soar, NASA- 2",1962,2,2,commander,1969,Apollo 11
52,1963 NASA group 3,1963,1,3,pilot,1966,Gemini 8
53,1963 NASA group 3,1963,2,3,pilot,1969,Apollo 9
54,1963 NASA group 3,1963,3,3,commander,1971,Apollo 15
55,NASA- 3,1963,1,3,pilot,1966,Gemini 9A
56,NASA- 3,1963,2,3,pilot,1969,Apollo 10
57,NASA- 3,1963,3,3,commander,1972,Apollo 17
58,NASA- 3,1963,1,2,pilot,1966,Gemini 10
59,NASA- 3,1963,2,2,pilot,1969,Apollo 11
60,NASA Astronaut Group 3,1963,1,2,pilot,1966,Gemini 11
61,NASA Astronaut Group 4,1963,2,2,pilot,1969,Apollo 12
62,NASA- 3,1963,1,2,pilot,1966,Gemini 12
63,NASA- 3,1963,2,2,pilot,1969,Apollo 11
64,NASA- 3,1963,1,1,pilot,1968,Apollo 7
65,NASA- 3,1963,1,1,pilot,1968,Apollo 7
66,NPOE-4,1978,2,3,flight engineer,1985,Salyut 7
67,NPOE-4,1978,3,3,flight engineer,1988,2
68,1978 Intercosmos Group,1978,1,1,flight engineer,1981,Soyuz 39
69,NASA- 7,1969,1,4,pilot,1981,STS-1
70,NASA- 7,1969,2,4,commander,1983,STS-7
71,NASA- 7,1969,3,4,commander,1984,STS-41-C
72,NASA- 7,1969,4,4,commander,1984,STS-41-G
73,1978 Intercosmos Group,1978,1,1,MSP,1981,Soyuz 40
74,NASA- 5,1966,1,2,commander,1981,STS-2
75,NASA- 5,1966,2,2,commander,1985,STS-51-I
76,1965 USAF MOL group 1,1969,1,2,pilot,1981,STS-2
77,1965 USAF MOL group 1,1969,2,2,commander,1983,STS-8
78,"USAF MOL Group 2 
 NASA- 7",1969,1,2,pilot,1982,STS-3
79,"USAF MOL Group 2 
 NASA- 7",1969,2,2,commander,1985,STS-51-F
80,TsPK-5,1970,1,1,commander,1982,Salyut 7
81,CNES-1,1980,1,3,MSP,1982,Salyut 7
82,CNES-1,1980,2,3,MSP,1988,Mir Aragatz
83,CNES-1,1980,3,3,MSP,1997,STS-86
84,NASA Astronaut Group 7,1969,1,3,pilot,1982,STS-4
85,NASA Astronaut Group 7,1969,2,3,commander,1984,STS-41-D
86,NASA Astronaut Group 7,1969,3,3,commander,1985,STS-61-A
87,NPOE-4,1978,1,4,flight engineer,1982,Salyut 7
88,TsPK-2,1964,1,1,commander,1968,Soyuz 3
89,NASA- 3,1963,1,1,pilot,1968,Apollo 8
90,TsPK-2,1963,1,3,commander,1969,Soyuz 4
91,TsPK-3,1963,2,3,commander,1969,Soyuz 8
92,TsPK-4,1963,3,3,commander,1971,Soyuz 10
93,TsPK-1,1960,1,2,commander,1969,Soyuz 5
94,TsPK-1,1960,2,2,commander,1976,Soyuz 21
95,Korolyov-Group / Mishin-Group / TsKBEM-1,1968,1,3,flight engineer,1969,Soyuz 5/4
96,Korolyov-Group / Mishin-Group / TsKBEM-2,1968,2,3,flight engineer,1969,Soyuz 8
97,Korolyov-Group / Mishin-Group / TsKBEM-3,1968,3,3,flight engineer,1971,Soyuz 10
98,TsPK-1,1960,1,1,MSP,1969,Soyuz 5/4
99,1963 NASA group 3,1963,1,1,pilot,1969,apollo 9
100,TsPK-1,1960,1,1,commander,1969,Soyuz 6
101,Korolyov-Group / Mishin-Group / TsKBEM-1,1968,1,3,flight engineer,1969,Soyuz 6
102,Korolyov-Group / Mishin-Group / TsKBEM-2,1968,2,3,flight engineer,1975,Soyuz 19
103,Korolyov-Group / Mishin-Group / TsKBEM-3,1968,3,3,commander,1980,Soyuz 36/35
104,TsPK-2,1963,1,2,commander,1969,Soyuz 7
105,TsPK-3,1963,2,2,commander,1974,Soyuz 16
106,Korolyov-Group / Mishin-Group / TsKBEM-1,1968,1,2,flight engineer,1969,Soyuz 7
107,Korolyov-Group / Mishin-Group / TsKBEM-1,1968,2,2,flight engineer,1971,Soyuz 11
108,TsPK-1,1960,1,3,MSP,1969,Soyuz 7
109,TsPK-2,1960,2,3,commander,1977,Soyuz 24
110,TsPK-3,1960,3,3,commander,1980,Soyuz 37/36
111,1963 NASA group 3,1963,1,2,pilot,1969,Apollo 12
112,1963 NASA group 3,1963,2,2,commander,1973,Skylab 3
113,1966 NASA group 5,1966,1,1,pilot,1970,Apollo 13
114,NASA Astronaut Group 5,1966,1,1,pilot,1970,Apollo 13
115,Mishin-Group / TsKBEM-1,1968,1,2,flight engineer,1970,Soyuz 9
116,Mishin-Group / TsKBEM-2,1968,2,2,flight engineer,1975,Soyuz 18
117,1959 NASA group 1,1959,2,2,commander,1971,Apollo 14
118,1966 NASA group 5,1966,1,1,pilot,1971,Apollo 14
119,NASA- 5,1966,1,1,pilot,1971,Apollo 14
120,Korolyov-Group / Mishin-Group / TsKBEM-1,1968,1,3,flight engineer,1971,Soyuz 10
121,Korolyov-Group / Mishin-Group / TsKBEM-2,1968,2,3,flight engineer,1974,Soyuz 16
122,Korolyov-Group / Mishin-Group / TsKBEM-3,1968,3,3,commander,1979,Soyuz 33
123,TsPK-2,1963,1,1,commander,1971,Soyuz 11
124,TsKBEM-1,1968,1,1,flight engineer,1971,Soyuz 11
125,1966 NASA group 5,1966,1,1,pilot,1971,Apollo 15
126,NASA- 5,1966,1,1,pilot,1971,Apollo 15
127,NASA- 5,1966,1,3,pilot,1972,Apollo 16
128,NASA- 5,1966,2,3,commander,1982,STS-4
129,NASA- 5,1966,3,3,commander,1985,STS-151-C
130,NASA- 5,1966,1,1,pilot,1972,Apollo 16
131,NASA- 5,1966,1,1,pilot,1972,Apollo 17
132,NASA-4,1965,1,1,pilot,1972,Apollo 17
133,1966 NASA group 5,1966,1,2,pilot,1973,Skylab-2
134,1966 NASA group 5,1966,2,2,commander,1983,STS-6
135,NASA- 4,1965,1,1,MSP,1973,Skylab 2
136,NASA- 5,1966,1,2,pilot,1973,Skylab 3
137,NASA- 5,1966,2,2,commander,1982,STS-3
138,NASA Astronaut Group 4,1965,1,2,MSP,1973,Skylab 3
139,NASA Astronaut Group 5,1965,2,2,MSP,1983,STS-9
140,Voskhod-1 / TsPK-3,1964,1,1,commander,1973,Soyuz 12
141,Korolyov-Group / Mishin-Group / TsKBEM-1,1968,1,3,flight engineer,1973,Soyuz 12
142,Korolyov-Group / Mishin-Group / TsKBEM-2,1968,2,3,flight engineer,1978,Soyuz 27/26
143,Korolyov-Group / Mishin-Group / TsKBEM-3,1968,3,3,flight engineer,1980,Soyuz T­3
144,NASA- 5,1966,1,1,commander,1974,Skylab 4
145,NASA-5,1966,1,1,pilot,1973,Skylab 4
146,NASA Astronaut Group 4,1965,1,1,MSP,1973,Skylab 4
147,TsPK-3,1965,1,3,commander,1973,Soyuz 13
148,TsPK-4,1965,2,3,commander,1975,Saluyt 4
149,TsPK-5,1965,3,3,commander,1978,Saluyt 6
150,TsKBEM-2 / AN-4,1972,1,2,flight engineer,1973,Soyuz 13
151,TsKBEM-2 / AN-5,1972,2,2,flight engineer,1982,Salyut 7
152,TsPK-2,1963,1,1,flight engineer,1974,Soyuz 14
153,TsPK-3,1965,1,1,commander,1974,Soyuz 15
154,TsPK-2,1963,1,1,flight engineer,1974,Soyuz 15
155,TsPK-2,1963,1,2,commander,1975,Salyut 4
156,TsPK-3,1963,2,2,commander,1978,Salyut 6
157,Korolyov-Group / Mishin-Group / TsKBEM-1 / AN-3,1968,1,3,flight engineer,1975,Salyut 4
158,Korolyov-Group / Mishin-Group / TsKBEM-1 / AN-4,1968,2,3,flight engineer,1977,Salyut 6
159,Korolyov-Group / Mishin-Group / TsKBEM-1 / AN-5,1968,3,3,flight engineer,1985,Soyuz 7
160,NASA- 5,1966,1,4,pilot,1975,ASTP
161,NASA- 5,1966,2,4,commander,1982,STS-5
162,NASA- 5,1966,3,4,commander,1984,STS-41-B
163,NASA- 5,1966,4,4,commander,1990,STS-35
164,1959 NASA group 1,1959,1,1,pilot,1975,ASTP
165,TsPK-2,1963,1,1,flight engineer,1976,Soyuz 21
166,TsKBEM-3,1973,1,2,flight engineer,1976,Soyuz 22
167,TsKBEM-4,1973,2,2,flight engineer,1980,Soyuz T­2
168,TsPK-3,1965,1,1,commander,1976,Soyuz 23
169,TsPK-3,1965,1,1,flight engineer,1976,Soyuz 23
170,TsPK-3,1965,1,1,flight engineer,1977,Soyuz 24
171,TsPK-4,1967,1,3,commander,1977,Soyuz 25
172,TsPK-5,1967,2,3,commander,1978,Salyut 6
173,TsPK-6,1967,3,3,commander,1981,Salyut 6
174,TsKBEM-3,1973,1,4,flight engineer,1977,Soyuz 25
175,TsKBEM-3,1973,2,4,flight engineer,1979,Salyut 6
176,TsKBEM-3,1973,3,4,flight engineer,1980,Salyut 6
177,TsKBEM-3,1973,4,4,MSP,1998,STS­ 91
178,TsPK-5,1970,1,3,commander,1977,Soyuz 26/27
179,TsPK-5,1970,2,3,commander,1980,Soyuz 38
180,TsPK-5,1970,3,3,commander,1987,2
181,TsPK-5,1970,1,5,commander,1978,Soyuz 27/26
182,TsPK-5,1970,2,5,commander,1981,Soyuz 39
183,TsPK-5,1970,3,5,commander,1982,Salyut 7
184,TsPK-5,1970,4,5,commander,1984,Salyut 7
185,TsPK-5,1970,5,5,commander,1985,Salyut 7
186,Air Gorce Group 6 - USSR,1976,1,1,pilot,1978,Soyuz 28
187,TsKBEM-3,1973,1,2,flight engineer,1978,Salyut 6
188,TsKBEM-4,1973,2,2,flight engineer,1982,Salyut 7
189,1976 Intercosmos Group,1976,1,1,pilot,1978,Soyuz 30
190,Interkosmos-1,1976,1,1,MSP,1978,Soyuz 31
191,TsPK-4,1967,1,3,commander,1979,Salyut 6
192,TsPK-4,1967,2,3,commander,1983,Salyut 7
193,TsPK-4,1967,3,3,commander,1988,3
194,1978 Intercosmos Group,1978,1,1,pilot,1979,Soyuz 33
195,TsPK-5,1970,1,3,commander,1980,Salyut 6
196,TsPK-6,1970,2,3,commander,1981,Salyut 6
197,TsPK-7,1970,3,3,commander,1982,Salyut 7
198,1978 Intercosmos Group,1978,1,1,pilot,1980,Soyuz 36/35
199,TsPK-4,1967,1,2,commander,1980,Salyut 7
200,TsPK-5,1967,2,2,commander,1984,Salyut 7
201,1979 Intercosmos Group,1979,1,1,MSP,1980,Salyut 6
202,1978 Intercosmos Group,1978,1,1,pilot,1980,Soyuz 38
203,TsPK-3,1965,1,3,commander,1980,Salyut 6
204,TsPK-4,1965,2,3,commander,1984,Salyut 7
205,TsPK-5,1965,3,3,commander,1986,1
206,TsKBEM-3,1973,1,5,MSP,1980,Salyut 6
207,TsKBEM-3,1973,2,5,flight engineer,1983,Soyuz T­8
208,TsKBEM-3,1973,3,5,flight engineer,1984,Salyut 7
209,TsKBEM-3,1973,4,5,flight engineer,1990,7
210,TsKBEM-3,1973,5,5,flight engineer,1995,18
211,NPOE-4,1978,1,3,flight engineer,1981,Salyut 6
212,NPOE-4,1978,2,4,MSP,1983,Soyuz T­8
213,NPOE-4,1978,3,4,flight engineer,1990,5
214,NPOE-4,1978,4,4,flight engineer,1993,14
215,MAP,1980,1,2,MSP,1982,Salyut 7
216,MAP,1980,2,2,flight engineer,1984,Salyut 7
217,MOL-2 / NASA-7,1966,1,2,pilot,1982,STS-5
218,MOL-2 / NASA-7,1966,2,2,commander,1985,STS-51-B
219,NASA- 6,1967,1,2,MSP,1982,STS-5
220,NASA- 6,1967,2,2,MSP,1984,STS-51-A
221,NASA- 6,1967,1,1,MSP,1982,STS-5
222,"1966 USAF MOL Gropu 2, NASA- 7",1969,1,3,pilot,1983,STS-6
223,"1966 USAF MOL Gropu 2, NASA- 7",1969,2,3,commander,1985,STS-51-D
224,"1966 USAF MOL Gropu 2, NASA- 7",1969,3,3,commander,1985,STS-51-J
225,MOL-3 / NASA-7,1969,1,1,MSP,1983,STS-6
226,NASA-6,1967,1,6,MSP,1983,STS-6
227,NASA-6,1967,2,6,MSP,1985,STS-51F
228,NASA-6,1967,3,6,MSP,1989,STS-33
229,NASA-6,1967,4,6,MSP,1991,STS-44
230,NASA-6,1967,5,6,MSP,1993,STS-61
231,NASA-6,1967,6,6,MSP,1996,STS-80
232,TsPK-6,1976,1,4,commander,1983,Soyuz T­8
233,TsPK-7,1976,2,4,commander,1988,3
234,TsPK-8,1976,3,4,MSP,1995,STS­63
235,TsPK-9,1976,4,4,commander,1997,24
236,NASA Astronaut Group 8,1978,1,3,pilot,1983,STS-7
237,NASA Astronaut Group 8,1978,2,3,commander,1984,STS-51-A
238,NASA Astronaut Group 8,1978,3,3,commander,1988,STS-26
239,NASA- 8,1978,1,2,MSP,1983,STS-7
240,NASA- 8,1978,2,2,MSP,1985,STS-51-G
241,NASA-8,1978,1,2,MSP,1983,STS-7
242,NASA-8,1978,2,2,MSP,1984,STS-41-G
243,1978 NASA group,1978,1,5,MSP,1983,STS-7
244,1978 NASA group,1978,2,5,MSP,1985,STS-51B
245,1978 NASA group,1978,3,5,MSP,1989,STS-30
246,1978 NASA group,1978,4,5,MSP,1992,STS-42
247,1978 NASA group,1978,5,5,MSP,1995,18
248,NPOE-4,1978,1,2,flight engineer,1983,Salyut 7
249,NPOE-4,1978,2,2,flight engineer,1987,2
250,NASA- 8,1978,1,4,pilot,1983,STS-8
251,NASA- 8,1978,2,4,commander,1985,STS-51-G
252,NASA- 8,1978,3,4,commander,1990,STS-32
253,NASA- 8,1978,4,4,commander,1992,STS-49
254,NASA- 8,1978,1,4,MSP,1983,STS-8
255,NASA- 8,1978,2,4,MSP,1985,STS-61-A
256,NASA- 8,1978,3,4,MSP,1991,STS-39
257,NASA- 8,1978,4,4,MSP,1992,STS-53
258,NASA Astronaut Group 8,1978,1,2,MSP,1983,STS-8
259,NASA Astronaut Group 8,1978,2,2,MSP,1984,STS-51A
260,1967 NASA group,1967,1,2,MSP,1983,STS-8
261,1967 NASA group,1967,2,2,MSP,1985,STS-51-B
262,1978 NASA group 8,1978,1,3,pilot,1983,STS-9
263,1979 NASA group 8,1978,2,3,commander,1985,STS-61-B
264,1980 NASA group 8,1978,3,3,commander,1989,STS-28
265,NASA-6,1967,1,2,MSP,1983,STS-9
266,NASA-6,1967,2,2,MSP,1990,STS-35
267,NASA-9,1982,1,2,PSP,1983,Spacelab 1
268,NASA-9,1982,2,2,PSP,1992,Atlas-1
269,ESA-1,1978,1,3,PSP,1983,STS-9
270,ESA-1,1978,2,3,PSP,1992,STS-42
271,ESA-1,1978,3,3,MSP,1994,Euromir 94
272,NASA Astronaut Group 8,1978,1,5,pilot,1984,STS-41-B
273,NASA Astronaut Group 8,1978,2,5,commander,1986,STS-61-C
274,NASA Astronaut Group 8,1978,3,5,commander,1988,STS-27
275,NASA Astronaut Group 8,1978,4,5,commander,1992,STS-47
276,NASA Astronaut Group 8,1978,5,5,commander,1995,STS-71
277,NASA- 8,1978,1,2,MSP,1984,STS-41-B
278,NASA- 8,1978,2,2,MSP,1986,STS-51-L
279,1978 NASA group,1978,1,2,MSP,1984,STS-41 B
280,1978 NASA group,1978,2,2,MSP,1985,STS-51 J
281,NASA- 5,1966,1,2,MSP,1984,STS-41-B
282,NASA- 5,1966,2,2,MSP,1990,STS-31
283,NPOE-4,1978,1,2,flight engineer,1984,Salyut 7
284,NPOE-4,1978,2,2,flight engineer,1986,1
285,AMN,1983,1,1,MSP,1984,Salyut 7
286,1982 Soviet Intercosmos Space Program,1982,1,1,pilot,1984,Salyut 7
287,1978 NASA group 8,1978,1,2,pilot,1984,STS-41-C
288,1978 NASA group 8,1978,2,2,commander,1986,STS-51-L
289,NASA Astronaut Group 8,1978,1,1,MSP,1984,STS-41-C
290,1978 NASA group,1978,1,2,MSP,1984,STS-41 C
291,1978 NASA group,1978,2,2,MSP,1985,STS-51I
292,NASA-8,1978,1,3,MSP,1984,STS-41C
293,NASA-8,1978,2,3,MSP,1986,STS-61C
294,NASA-8,1978,3,3,MSP,1988,STS-26
295,LII-1,1977,1,1,MSP,1984,Salyut 7
296,NASA- 8,1978,1,3,pilot,1984,STS-41-D
297,NASA- 8,1978,2,3,commander,1989,STS-29
298,NASA- 8,1978,3,3,commander,1991,STS-39
299,NASA-8,1978,1,3,MSP,1984,STS-41D
300,NASA-8,1978,2,3,MSP,1988,STS-27
301,NASA-8,1978,3,3,MSP,1990,STS-36
302,NASA Astronaut Group 8,1978,1,5,MSP,1984,STS-41-D
303,NASA Astronaut Group 8,1978,2,5,MSP,1986,STS-61-C
304,NASA Astronaut Group 8,1978,3,5,MSP,1990,STS-31
305,NASA Astronaut Group 8,1978,4,5,MSP,1997,STS-82
306,NASA Astronaut Group 8,1978,5,5,MSP,1999,STS-93
307,NASA-8,1978,1,2,MSP,1984,STS-41-D
308,NASA-9,1978,2,2,MSP,1985,STS-51-L
309,PS,1983,1,3,PSP,1984,STS-41D
310,PS,1983,2,3,PSP,1985,STS-51D
311,PS,1983,3,3,PSP,1985,STS-61B
312,NASA- 8,1978,1,1,pilot,1984,STS-41-G
313,1978 NASA group,1978,1,3,MSP,1984,STS-41-G
314,1978 NASA group,1978,2,3,MSP,1990,STS-31
315,1978 NASA group,1978,3,3,MSP,1992,STS-45
316,NASA- 9,1980,1,3,MSP,1984,STS-41-G
317,NASA- 9,1980,2,3,MSP,1989,STS-28
318,NASA- 9,1980,3,3,MSP,1992,STS-45
319,PS,1984,1,1,PSP,1984,STS-41-G
320,1983 NRC Group,1983,1,3,PSP,1984,STS-41-G
321,1983 NRC Group,1983,2,3,MSP,1996,STS-77
322,1983 NRC Group,1983,3,3,MSP,2000,STS-97
323,1978 NASA group 8,1978,1,4,pilot,1984,STS-51-A
324,1978 NASA group 8,1978,2,4,commander,1989,STS-30
325,1978 NASA group 8,1978,3,4,commander,1992,STS-53
326,1978 NASA group 8,1978,4,4,commander,1995,STS-69
327,NASA- 8,1978,1,1,MSP,1984,STS-51-A
328,1978 NASA group,1978,1,3,pilot,1985,STS-51-C
329,1978 NASA group,1978,2,3,commander,1990,STS-31
330,1978 NASA group,1978,3,3,commander,1992,STS-46
331,NASA-8,1978,1,2,MSP,1985,STS 51-C
332,NASA-8,1978,2,2,MSP,1986,STS 51-L
333,NASA- 8,1978,1,4,MSP,1985,STS-51-C
334,NASA- 8,1978,2,4,MSP,1985,STS-61-A
335,NASA- 8,1978,3,4,MSP,1989,STS-29
336,NASA- 8,1978,4,4,MSP,1991,STS-48
337,1979 USAF group,1979,1,1,PSP,1985,STS-51C
338,1981 NASA group 8,1978,1,2,pilot,1985,STS-51-D
339,1981 NASA group 8,1978,2,2,commander,1989,STS-34
340,NASA-8,1978,1,3,MSP,1985,STS-51-D
341,NASA-8,1978,2,3,MSP,1991,STS-40
342,NASA-8,1978,3,3,MSP,1993,STS-58
343,NASA Astronaut Group 8,1978,1,1,MSP,1985,STS-51-D
344,NASA- 8,1978,1,5,MSP,1985,STS-51-D
345,NASA- 8,1978,2,5,MSP,1990,STS-35
346,NASA- 8,1978,3,5,MSP,1992,STS-46
347,NASA- 8,1978,4,5,MSP,1993,STS-61
348,NASA- 8,1978,5,5,MSP,1996,STS-75
349,PS,1985,1,1,PSP,1985,STS-51D
350,NASA Astronaut Group 8,1978,1,3,pilot,1985,STS-51-B
351,NASA Astronaut Group 8,1978,2,3,commander,1989,STS-33
352,NASA Astronaut Group 8,1978,3,3,commander,1991,STS-44
353,NASA- 5,1966,1,1,MSP,1985,STS-51-B
354,PS,1983,1,1,PSP,1985,Spacelab-3
355,Spacelab-3 mission payload specialist,1984,1,1,PSP,1985,spacelab-3
356,NASA- 8,1978,1,3,pilot,1985,STS-51-G
357,NASA- 8,1978,2,3,commander,1990,STS-36
358,NASA- 8,1978,3,3,commander,1991,STS-48
359,NASA-8,1978,1,4,MSP,1985,STS-51G
360,NASA-8,1978,2,4,pilot,1985,STS-61A
361,NASA-8,1978,3,4,commander,1991,STS-37
362,NASA-8,1978,4,4,commander,1993,STS-55
363,NASA- 8,1978,1,5,MSP,1985,STS-51-G
364,NASA- 8,1978,2,5,MSP,1989,STS-34
365,NASA- 8,1978,3,5,MSP,1991,STS-43
366,NASA- 8,1978,4,5,MSP,1993,STS-58
367,NASA- 8,1978,5,5,MSP,1996,22
368,CNES-1,1980,1,1,PSP,1985,STS-51G
369,Saudi-Arabia,1985,1,1,PSP,1985,STS-51G
370,NASA- 9,1980,1,1,pilot,1985,STS-51-F
371,NASA- 6,1967,1,1,MSP,1985,STS-51-F
372,NASA- 6,1967,1,1,MSP,1985,STS-51-F
373,PS for Spacelab-2,1978,1,1,PSP,1978,Spacelab-2
374,PS for Spacelab-2,1978,1,1,PSP,1978,STS-51-F
375,NASA- 8,1978,1,4,pilot,1985,STS-51-I
376,NASA- 8,1978,2,4,pilot,1988,STS-26
377,NASA- 8,1978,3,4,commander,1990,STS-38
378,NASA- 8,1978,4,4,commander,1993,STS-61
379,NASA- 9,1980,1,3,MSP,1985,STS-51-I
380,NASA- 9,1980,2,3,MSP,1988,STS-26
381,NASA- 9,1980,3,3,MSP,1990,STS-35
382,NASA- 9,1980,1,1,MSP,1985,STS-51-I
383,TsPK-6,1976,1,1,commander,1985,Salyut 7
384,TsPK-6,1976,1,3,MSP,1985,Salyut 7
385,TsPK-6,1976,2,3,MSP,1989,4
386,TsPK-6,1976,3,3,MSP,1992,10
387,NASA Astronaut Group 9,1980,1,4,pilot,1985,STS-51-J
388,NASA Astronaut Group 10,1980,2,4,pilot,1989,STS-30
389,NASA Astronaut Group 11,1980,3,4,commander,1992,STS-42
390,NASA Astronaut Group 12,1980,4,4,commander,1993,STS-57
391,NASA- 9,1980,1,4,MSP,1985,STS-51-J
392,NASA- 10,1980,2,4,MSP,1988,STS-26
393,NASA- 11,1980,3,4,MSP,1990,STS-36
394,NASA- 12,1980,4,4,MSP,1992,STS-42
395,USAF group,1982,1,1,PSP,1985,STS-51-J
396,NASA- 9,1980,1,5,MSP,1985,STS-61-A
397,NASA- 9,1980,2,5,MSP,1990,STS-32
398,NASA- 9,1980,3,5,MSP,1992,STS-50
399,NASA- 9,1980,4,5,MSP,1995,STS-71
400,NASA- 9,1980,5,5,MSP,1998,STS-89
401,DLR-1,1982,1,1,PSP,1985,STS-61A
402,DLR-1,1982,1,1,PSP,1985,STS-61A
403,1978 ESA Group,1978,1,1,PSP,1985,STS-61-A
404,NASA-9,1980,1,2,pilot,1985,STS-61B Atlantis
405,NASA-9,1980,2,2,commander,1991,STS-40 Columbia
406,NASA-9,1980,1,7,MSP,1985,STS-61
407,NASA-9,1980,2,7,MSP,1988,STS-27
408,NASA-9,1980,3,7,MSP,1991,STS-37
409,NASA-9,1980,4,7,MSP,1993,STS-55
410,NASA-9,1980,5,7,MSP,1995,STS-74
411,NASA-9,1980,6,7,MSP,1998,STS-88
412,NASA-9,1980,7,7,MSP,2002,STS-110
413,NASA- 9,1980,1,2,MSP,1985,STS-30
414,NASA- 9,1980,2,2,MSP,1989,STS-61-B
415,1980 NASA group,1980,1,1,MSP,1985,STS-61-B
416,1985 NASA Group,1985,1,1,PSP,1985,STS-61-B
417,NASA- 9,1980,1,4,pilot,1986,STS-61-C
418,NASA- 9,1980,2,4,pilot,1990,STS-31
419,NASA- 9,1980,3,4,commander,1992,STS-45
420,NASA- 9,1980,4,4,commander,1994,STS-60
421,NASA- 9,1980,1,7,MSP,1986,STS-61-C
422,NASA- 9,1980,2,7,MSP,1989,STS-34
423,NASA- 9,1980,3,7,MSP,1992,STS-46
424,NASA- 9,1980,4,7,MSP,1994,STS-60
425,NASA- 9,1980,5,7,MSP,1996,STS-75
426,NASA- 9,1980,6,7,MSP,1998,STS-91
427,NASA- 9,1980,7,7,MSP,2002,STS-111
428,PS by RCA,1985,1,1,PSP,1986,STS-61C
429,Congress Observer,1984,1,1,PSP,1986,STS-61C
430,1980 NASA group 9,1980,1,1,pilot,1986,STS-51L
431,PS by SAL,1984,1,1,PSP,1986,STS-51L
432,1985 Teacher in Space,1985,1,1,PSP,1986,STS-51L
433,NPOE-4,1978,1,1,flight engineer,1987,2
434,TsPK-7,1978,1,4,commander,1987,1
435,TsPK-7,1978,2,4,commander,1990,5
436,TsPK-7,1978,3,4,commander,1992,11
437,TsPK-7,1978,4,4,commander,1994,17
438,Syria,1985,1,1,MSP,1987,1
439,NPOE-4,1978,1,2,flight engineer,1987,3
440,NPOE-4,1978,2,2,flight engineer,1990,8
441,LII-1,1977,1,1,MSP,1987,Soyuz TM­4/3
442,TsPK-6,1976,1,5,commander,1988,2
443,TsPK-6,1976,2,5,commander,1990,6
444,TsPK-6,1976,3,5,commander,1993,12
445,TsPK-6,1976,4,5,commander,1995,19
446,TsPK-6,1976,5,5,commander,1997,24
447,1978 Intercosmos Group,1978,1,1,pilot,1988,2
448,IMBP-1,1972,1,2,flight engineer,1988,3
449,IMBP-1,1972,2,2,MSP,1994,15
450,Afghanistan,1988,1,1,MSP,1988,3
451,NPOE-7,1985,1,6,flight engineer,1988,4
452,NPOE-7,1985,2,6,flight engineer,1991,9
453,NPOE-7,1985,3,6,flight engineer,1994,STS­60
454,NPOE-7,1985,4,6,flight engineer,1998,STS­88
455,NPOE-7,1985,5,6,flight engineer,2000,1
456,NPOE-7,1985,6,6,commander,2005,11
457,NASA Astronaut Group 9,1980,1,2,pilot,1988,STS-27
458,NASA Astronaut Group 9,1980,2,2,pilot,1990,STS-35
459,1984 NASA group 10,1984,1,4,MSP,1988,STS-27
460,1984 NASA group 10,1984,2,4,MSP,1990,STS-41
461,1984 NASA group 10,1984,3,4,MSP,1992,STS-52
462,1984 NASA group 10,1984,4,4,flight engineer,2000,1
463,NASA- 9,1980,1,5,pilot,1989,STS-29
464,NASA- 9,1980,2,5,pilot,1989,STS-33
465,NASA- 9,1980,3,5,commander,1991,STS-43
466,NASA- 9,1980,4,5,commander,1993,STS-58
467,NASA- 9,1980,5,5,MSP,1996,22
468,1980 NASA group,1980,1,2,MSP,1989,STS-29
469,1980 NASA group,1980,2,2,MSP,1990,STS-38
470,NASA- 9,1980,1,2,MSP,1989,STS-29
471,NASA- 9,1980,2,2,MSP,1991,STS-40
472,NASA- 10,1984,1,4,MSP,1989,STS-30
473,NASA- 10,1984,2,4,MSP,1992,STS-47
474,NASA- 10,1984,3,4,MSP,1994,STS-64
475,NASA- 10,1984,4,4,MSP,1997,STS-82
476,NASA-9,1980,1,4,pilot,1989,STS-28
477,NASA-9,1980,2,4,commander,1990,STS-41
478,NASA-9,1980,3,4,commander,1992,STS-50
479,NASA-9,1980,4,4,commander,1994,STS-64
480,NASA- 10,1984,1,2,MSP,1989,STS-28
481,NASA- 10,1984,2,2,MSP,1991,STS-43
482,NASA- 10,1984,1,2,MSP,1989,STS-28
483,NASA- 10,1984,2,2,MSP,1991,STS-48
484,NASA- 10,1984,1,1,pilot,1989,STS-34
485,NASA- 10,1984,1,3,MSP,1989,STS-34
486,NASA- 10,1984,2,3,MSP,1992,STS-50
487,NASA- 10,1984,3,3,MSP,1995,STS-71
488,NASA- 10,1984,1,1,MSP,1989,STS-33
489,1984 NASA group,1984,1,4,MSP,1989,STS-33
490,1984 NASA group,1984,2,4,MSP,1992,STS-49
491,1984 NASA group,1984,3,4,MSP,1993,STS-61
492,1984 NASA group,1984,4,4,MSP,1995,STS-73
493,1984 NASA group 10,1984,1,6,pilot,1990,STS-32
494,1984 NASA group 10,1984,2,6,commander,1992,STS-52
495,1984 NASA group 10,1984,3,6,commander,1995,STS-63
496,1984 NASA group 10,1984,4,6,commander,1997,STS-86
497,1984 NASA group 10,1984,5,6,commander,2001,STS-102
498,1984 NASA group 10,1984,6,6,commander,2002,STS-113
499,NASA- 10,1984,1,5,MSP,1990,STS-32
500,NASA- 10,1984,2,5,MSP,1992,STS-46
501,NASA- 10,1984,3,5,MSP,1994,STS-62
502,NASA- 10,1984,4,5,MSP,1997,STS-81
503,NASA- 10,1984,5,5,MSP,2001,STS-98
504,NASA- 10,1984,1,3,MSP,1990,STS-32
505,NASA- 10,1984,2,3,MSP,1991,STS-43
506,NASA- 10,1984,3,3,MSP,1993,STS-57
507,NPOE-4,1978,1,1,flight engineer,1990,6
508,NASA- 10,1984,1,4,pilot,1990,STS-36
509,NASA- 10,1984,2,4,commander,1993,STS-54
510,NASA- 10,1984,3,4,commander,1994,STS-62
511,NASA- 10,1984,4,4,commander,1996,STS-77
512,1985 NASA group,1985,1,3,MSP,1990,STS-36
513,1985 NASA group,1985,2,3,MSP,1992,STS-49
514,1985 NASA group,1985,3,3,MSP,1994,STS-62
515,GKNII-2 / TsPK-9,1985,1,2,commander,1990,7
516,GKNII-2 / TsPK-9,1985,2,2,commander,1993,13
517,NASA- 11,1985,1,4,pilot,1990,STS-41
518,NASA- 11,1985,2,4,pilot,1992,STS-53
519,NASA- 11,1985,3,4,commander,1994,STS-65
520,NASA- 11,1985,4,4,commander,1998,STS-88
521,NASA- 12,1987,1,2,MSP,1990,STS-41
522,NASA- 13,1987,2,2,MSP,1992,STS-49
523,NASA- 12,1987,1,4,MSP,1990,STS-41
524,NASA- 12,1987,2,4,MSP,1992,STS-49
525,NASA- 12,1987,3,4,MSP,1993,STS-61
526,NASA- 12,1987,4,4,MSP,1996,STS-79
527,NASA- 10,1984,1,3,pilot,1990,STS-38
528,NASA- 10,1984,2,3,commander,1993,STS-51
529,NASA- 10,1984,3,3,commander,2001,3
530,NASA- 11,1985,1,3,MSP,1990,STS-38
531,NASA- 11,1985,2,3,MSP,1992,STS-50
532,NASA- 11,1985,3,3,MSP,1994,STS-64
533,NASA Astronaut Group 11,1985,1,3,MSP,1990,STS-38
534,NASA Astronaut Group 11,1985,2,3,MSP,1991,STS-48
535,NASA Astronaut Group 11,1985,3,3,MSP,1994,STS-62
536,PS for Astro-1,1984,1,2,PSP,1990,Astro-1
537,PS for Astro-2,1984,2,2,PSP,1995,Astro-2
538,PS for Astro-1,1984,1,2,PSP,1990,STS-35
539,PS for Astro-1,1984,2,2,PSP,1995,STS-67
540,GKNII-2 / TsPK-9,1985,1,4,commander,1991,8
541,GKNII-2 / TsPK-9,1985,2,4,commander,1994,15
542,GKNII-2 / TsPK-9,1985,3,4,commander,1999,27
543,GKNII-2 / TsPK-9,1985,4,4,commander,2001,Soyuz TM­33/32
544,TBS,1989,1,1,Other (Journalist),1990,Soyuz TM-11/10
545,NASA- 10,1984,1,3,pilot,1991,STS-37
546,NASA- 10,1984,2,3,commander,1993,STS-56
547,NASA- 10,1984,3,3,commander,1995,STS-74
548,NASA Astronaut Group 11,1985,1,4,MSP,1991,STS-37
549,NASA Astronaut Group 12,1985,2,4,MSP,1994,STS-59
550,NASA Astronaut Group 13,1985,3,4,MSP,1996,STS-76
551,NASA Astronaut Group 14,1985,4,4,MSP,2001,STS-108
552,NASA- 11,1985,1,4,MSP,1991,STS-37
553,NASA- 11,1985,2,4,MSP,1992,STS-47
554,NASA- 11,1985,3,4,MSP,1994,STS-59
555,NASA- 11,1985,4,4,MSP,1996,STS-79
556,NASA Astronaut Group 10,1984,1,2,pilot,1991,STS-39
557,NASA Astronaut Group 11,1984,2,2,pilot,1994,STS-64
558,NASA Astronaut Group 12,1987,1,4,MSP,1991,STS-39
559,NASA Astronaut Group 13,1987,2,4,MSP,1993,STS-54
560,NASA Astronaut Group 14,1987,3,4,MSP,1995,STS-71
561,NASA Astronaut Group 15,1987,4,4,MSP,1997,STS-82
562,NASA- 12,1987,1,3,MSP,1991,STS-39
563,NASA- 12,1987,2,3,pilot,1993,STS-54
564,NASA- 12,1987,3,3,commander,1994,STS-66
565,1984 NASA group 10,1984,1,2,MSP,1991,STS-39
566,1984 NASA group 10,1984,2,2,MSP,1992,STS-52
567,NASA- 11,1985,1,3,MSP,1991,STS-39
568,NASA- 12,1985,2,3,MSP,1992,STS-49
569,NASA- 13,1985,3,3,MSP,1994,STS-65
570,GKNII-2 / RAN-5 / TsPK-9,1985,1,1,commander,1991,9
571,1989 Juno,1989,1,1,MSP,1991,Soyuz TM-12/11
572,NASA Astronaut Group 10,1984,1,2,MSP,1991,STS-40
573,NASA Astronaut Group 11,1984,2,2,commander,1994,STS-59
574,NASA- 11,1985,1,5,MSP,1991,STS-40
575,NASA- 12,1985,2,5,MSP,1992,STS-52
576,NASA- 13,1985,3,5,MSP,1995,STS-67
577,NASA- 14,1985,4,5,MSP,1996,STS-80
578,NASA- 15,1985,5,5,MSP,1999,STS-96
579,Spacelab-4 / SLS-1,1984,1,1,PSP,1991,STS-40
580,NASA PS,1983,1,1,PSP,1991,STS-40
581,NASA- 11,1985,1,4,pilot,1991,STS-43
582,NASA- 11,1985,2,4,pilot,1992,STS-52
583,NASA- 11,1985,3,4,commander,1994,STS-68
584,NASA- 11,1985,4,4,commander,1997,STS-81
585,NASA-12,1987,1,2,pilot,1991,STS-48
586,NASA-12,1987,2,2,pilot,1994,STS-60
587,Kazakhstan,1991,1,1,MSP,1991,10
588,Austria,1989,1,1,MSP,1991,Soyuz TM13/12
589,NASA- 11,1985,1,4,pilot,1991,STS-44
590,NASA- 12,1985,2,4,pilot,1993,STS-55
591,NASA- 13,1985,3,4,commander,1995,STS-70
592,NASA- 14,1985,4,4,commander,1996,STS-78
593,1987 NASA group,1987,1,5,MSP,1991,STS-44
594,1987 NASA group,1987,2,5,MSP,1992,STS-53
595,1987 NASA group,1987,3,5,MSP,1995,STS-69
596,1987 NASA group,1987,4,5,MSP,2000,STS-101
597,1987 NASA group,1987,5,5,MSP,2001,2
598,NASA-12,1987,1,3,MSP,1991,STS-44
599,NASA-12,1987,2,3,MSP,1993,STS-54
600,NASA-12,1987,3,3,MSP,1996,STS-77
601,Terra Scout,1988,1,1,PSP,1991,STS-44
602,NASA-11,1985,1,3,pilot,1992,STS-42
603,NASA-11,1985,2,3,pilot,1993,STS-67
604,NASA-11,1985,3,3,commander,1995,STS-42
605,NASA-12,1987,1,3,MSP,1992,STS-42
606,NASA-12,1987,2,3,pilot,1993,STS-51
607,NASA-12,1987,3,3,commander,1996,STS-79
608,1983 NRC Group,1983,1,1,PSP,1992,STS-42
609,NPOE-6,1984,1,5,flight engineer,1992,11
610,NPOE-6,1984,2,5,flight engineer,1996,21
611,NPOE-6,1984,3,5,flight engineer,2000,28
612,NPOE-6,1984,4,5,flight engineer,2003,8
613,NPOE-6,1984,5,5,flight engineer,2010,25
614,DLR-3,1990,1,1,MSP,1992,Soyuz TM-14/13
615,NASA- 11,1985,1,4,pilot,1992,STS-45
616,NASA- 11,1985,2,4,pilot,1993,STS-57
617,NASA- 11,1985,3,4,commander,1996,STS-72
618,NASA- 11,1985,4,4,commander,2000,STS-92
619,NASA- 12,1987,1,6,MSP,1992,STS-45
620,NASA- 12,1987,2,6,MSP,1993,STS-56
621,NASA- 12,1987,3,6,MSP,1995,STS-63
622,NASA- 12,1987,4,6,MSP,1997,23
623,NASA- 12,1987,5,6,MSP,1999,STS-103
624,NASA- 12,1987,6,6,commander,2003,8
625,ATLAS-1,1985,1,1,PSP,1992,STS-45
626,NASA- 12,1987,1,3,pilot,1992,STS-49
627,NASA- 12,1987,2,3,pilot,1994,STS-59
628,NASA- 12,1987,3,3,commander,1996,STS-76
629,NASA- 12,1987,1,5,pilot,1992,STS-50
630,NASA- 12,1987,2,5,pilot,1993,STS-61
631,NASA- 12,1987,3,5,commander,1995,STS-73
632,NASA- 12,1987,4,5,commander,1997,STS-82
633,NASA- 12,1987,5,5,commander,2002,6
634,United States Microgravity Labratory-1,1990,1,1,PSP,1992,STS-50
635,Spacelab-3,1983,1,1,PSP,1992,STS-50
636,NPOE-8,1987,1,3,flight engineer,1993,12
637,NPOE-8,1987,2,3,flight engineer,1995,20
638,NPOE-8,1987,3,3,flight engineer,1998,26
639,CNES-2/EAC,1985,1,2,MSP,1992,Antares
640,CNES-2/EAC,1985,2,2,MSP,1999,STS-93
641,NASA- 12,1987,1,3,pilot,1992,STS-46
642,NASA- 12,1987,2,3,pilot,1994,STS-62
643,NASA- 12,1987,3,3,commander,1996,STS-75
644,1978 ESA Group,1978,1,4,PSP,1992,STS-46
645,1978 ESA Group,1978,2,4,PSP,1993,STS-61-A
646,1978 ESA Group,1978,3,4,MSP,1996,STS-75
647,1978 ESA Group,1978,4,4,MSP,1999,STS-103
648,1989 ESA Group,1998,1,1,PSP,1992,sts-46
649,NASA- 12,1987,1,6,pilot,1992,STS-47
650,NASA- 12,1987,2,6,pilot,1994,STS-66
651,NASA- 12,1987,3,6,pilot,1996,STS-77
652,NASA- 12,1987,4,6,commander,1997,STS-85
653,NASA- 12,1987,5,6,commander,1998,STS-95
654,NASA- 12,1987,6,6,commander,1999,STS-103
655,NASA- 12,1987,1,3,MSP,1992,STS-47
656,NASA- 12,1987,2,3,MSP,1994,STS-60
657,NASA- 12,1987,3,3,MSP,1997,STS-85
658,NASA- 12,1987,1,1,MSP,1992,STS-47
659,NASDA-1,1985,1,2,PSP,1992,STS-47
660,NASDA-1,1985,2,2,MSP,2000,STS-99
661,1983 NRC Group,1983,1,2,PSP,1992,STS-52
662,1983 NRC Group,1983,2,2,MSP,2006,STS-115
663,NASA- 13,1990,1,3,MSP,1992,STS-53
664,NASA- 13,1990,2,3,MSP,1994,STS-59
665,NASA- 13,1990,3,3,MSP,1996,STS-76
666,NASA- 13,1990,1,5,MSP,1993,STS-54
667,NASA- 13,1990,2,5,MSP,1994,STS-64
668,NASA- 13,1990,3,5,MSP,1996,STS-78
669,NASA- 13,1990,4,5,MSP,2000,STS-101
670,NASA- 13,1990,5,5,flight engineer,2001,2
671,NPOE-9,1989,1,1,flight engineer,1993,13
672,NASA- 13,1990,1,5,MSP,1993,STS-56
673,NASA- 13,1990,2,5,pilot,1995,STS-69
674,NASA- 13,1990,3,5,commander,1996,STS-80
675,NASA- 13,1990,4,5,commander,2001,STS-98
676,NASA- 13,1990,5,5,commander,2002,STS-111
677,NASA-13,1990,1,4,MSP,1993,STS-56
678,NASA-13,1990,2,4,MSP,1994,STS-66
679,NASA-13,1990,3,4,MSP,1999,STS-96
680,NASA-13,1990,4,4,MSP,2002,STS-110
681,NASA-13,1990,1,4,MSP,1993,STS-55
682,NASA-13,1990,2,4,pilot,1995,STS-71
683,NASA-13,1990,3,4,commander,1997,STS-84
684,NASA-13,1990,4,4,commander,1998,STS-91
685,NASA Astronaut Group 13,1990,1,2,MSP,1993,STS-55
686,NASA Astronaut Group 14,1990,2,2,MSP,1995,STS-63
687,DLR-2/EAC,1987,1,1,PSP,1993,STS-55
688,DLR-2/EAC,1987,1,2,PSP,1993,STS-55
689,DLR-2/EAC,1987,2,2,MSP,2008,STS-122
690,NASA- 13,1990,1,4,MSP,1993,STS-57
691,NASA- 13,1990,2,4,MSP,1995,STS-70
692,NASA- 13,1990,3,4,MSP,1998,STS-88
693,NASA- 13,1990,4,4,MSP,2002,STS-109
694,1990 NASA group,1990,1,4,MSP,1993,STS-57
695,1990 NASA group,1990,2,4,MSP,1994,STS-68
696,1990 NASA group,1990,3,4,MSP,1997,STS-81
697,1990 NASA group,1990,4,4,MSP,2000,STS-92
698,1990 NASA group,1990,1,5,MSP,1993,STS-57
699,1990 NASA group,1990,2,5,MSP,1995,STS-63
700,1990 NASA group,1990,3,5,MSP,1997,STS-83
701,1990 NASA group,1990,4,5,MSP,1997,STS-94
702,1990 NASA group,1990,5,5,MSP,2000,STS-99
703,TsPK-8,1987,1,2,commander,1993,14
704,TsPK-8,1987,2,2,commander,1997,23
705,CNES-2/EAC,1985,1,2,MSP,1993,Soyuz TM-17 / Soyuz TM-16
706,CNES-2/EAC,1985,2,2,flight engineer,1999,27
707,NASA-13,1990,1,4,MSP,1993,STS-51
708,NASA-13,1990,2,4,MSP,1995,STS-69
709,NASA-13,1990,3,4,MSP,1998,STS-88
710,NASA-13,1990,4,4,MSP,2002,STS-109
711,NASA- 13,1990,1,4,MSP,1993,STS-51
712,NASA- 13,1990,2,4,MSP,1994,STS-68
713,NASA- 13,1990,3,4,MSP,1996,STS-77
714,NASA- 13,1990,4,4,flight engineer,2001,4
715,1990 NASA group,1990,1,4,MSP,1993,STS-51
716,1990 NASA group,1990,2,4,MSP,1994,STS-65
717,1990 NASA group,1990,3,4,MSP,1996,STS-79
718,1990 NASA group,1990,4,4,MSP,2001,4
719,1990 NASA group 13,1990,1,3,pilot,1993,STS-58
720,1990 NASA group 13,1990,2,3,pilot,1996,STS-76
721,1990 NASA group 13,1990,3,3,commander,1998,STS-90
722,NASA- 13,1990,1,4,MSP,1993,STS-58
723,NASA- 13,1990,2,4,MSP,1995,STS-74
724,NASA- 13,1990,3,4,MSP,2000,STS-92
725,NASA- 13,1990,4,4,flight engineer,2006,12
726,1990 NASA group,1990,1,4,MSP,1993,STS-58
727,1990 NASA group,1990,2,4,MSP,1997,24
728,1990 NASA group,1990,3,4,MSP,2002,STS-112
729,1990 NASA group,1990,4,4,MSP,2009,STS-127
730,PS for STS-58,1992,1,1,PSP,1993,STS-58
731,1989 NPOE Cosmonaut Group,1989,1,4,flight engineer,1994,Mir EO-15
732,1989 NPOE Cosmonaut Group,1989,2,4,flight engineer,1996,Mir EO-21
733,1989 NPOE Cosmonaut Group,1989,3,4,MSP,2000,STS 101
734,1989 NPOE Cosmonaut Group,1989,4,4,commander,2001,2
735,1990 NASA group 13,1990,1,2,MSP,1994,STS-60
736,1990 NASA group 13,1990,2,2,MSP,1996,STS-76
737,NASA- 13,1990,1,4,MSP,1994,STS-59
738,NASA- 14,1990,2,4,MSP,1994,STS-68
739,NASA- 14,1990,3,4,MSP,1996,STS-80
740,NASA- 14,1990,4,4,MSP,2001,STS-98
741,TsPK-8,1987,1,6,commander,1994,16
742,TsPK-8,1987,2,6,Flight engineer,2000,STS­106
743,TsPK-8,1987,3,6,commander,2003,7
744,TsPK-8,1987,4,6,commander,2007,16
745,TsPK-8,1987,5,6,commander,2012,32
746,TsPK-8,1987,6,6,commander,2015,46
747,MGA/Kazakhstan,1990,1,3,flight engineer,1994,16
748,MGA/Kazakhstan,1990,2,3,commander,1998,25
749,MGA/Kazakhstan,1990,3,3,commander,2001,Soyuz TM­32/31
750,NASA Astronaut Group 13,1990,1,5,pilot,1994,STS-65
751,NASA Astronaut Group 14,1990,2,5,pilot,1995,STS-74
752,NASA Astronaut Group 15,1990,3,5,commander,1997,STS-83
753,NASA Astronaut Group 16,1990,4,5,commander,1997,STS-94
754,NASA Astronaut Group 17,1990,5,5,commander,2000,STS-101
755,NASA- 13,1990,1,4,MSP,1994,STS-65
756,NASA- 13,1990,2,4,MSP,1996,STS-72
757,NASA- 13,1990,3,4,MSP,2000,STS-92
758,NASA- 13,1990,4,4,commander,2004,10
759,1990 NASA group,1990,1,4,MSP,1994,STS-65
760,1990 NASA group,1990,2,4,MSP,1995,STS-70
761,1990 NASA group,1990,3,4,MSP,1997,STS-83
762,1990 NASA group,1990,4,4,MSP,1997,STS-94
763,NASDA-1,1985,1,2,PSP,1994,STS-65
764,NASDA-1,1985,2,2,PSP,1998,STS-95
765,NASA- 14,1992,1,2,MSP,1994,STS-64
766,NASA- 15,1992,2,2,MSP,1997,22
767,1990 NASA group,1990,1,4,pilot,1994,STS-68
768,1990 NASA group,1990,2,4,pilot,1996,STS-79
769,1990 NASA group,1990,3,4,commander,1998,STS-89
770,1990 NASA group,1990,4,4,commander,2000,STS-106
771,1992 NASA group,1992,1,4,MSP,1994,STS-68
772,1993 NASA group,1992,2,4,MSP,1997,STS-82
773,1994 NASA group,1992,3,4,MSP,1999,STS-103
774,1995 NASA group,1992,4,4,MSP,2002,STS-110
775,NPOE-9,1989,1,2,flight engineer,1994,17
776,NPOE-9,1989,2,2,MSP,1997,23
777,1992 NASA group,1992,1,4,MSP,1994,STS-66
778,1992 NASA group,1992,2,4,MSP,1997,STS-82
779,1992 NASA group,1992,3,4,MSP,2000,STS-97
780,1992 NASA group,1992,4,4,MSP,2006,STS-115
781,CNES-2/ESA-2/EAC,1985,1,3,MSP,1994,STS-66
782,CNES-2/ESA-2/EAC,1985,2,3,MSP,1997,STS-84
783,CNES-2/ESA-2/EAC,1985,3,3,MSP,1999,STS-103
784,NASA-14,1992,1,5,MSP,1994,STS-66
785,NASA-14,1992,2,5,MSP,1997,STS-86
786,NASA-14,1992,3,5,MSP,1998,STS-95
787,NASA-14,1992,4,5,MSP,2001,STS-100
788,NASA-14,1992,5,5,MSP,2007,STS-120
789,NASA- 13,1990,1,4,pilot,1995,STS-63
790,NASA- 13,1990,2,4,pilot,1997,STS-84
791,NASA- 13,1990,3,4,commander,1999,STS-93
792,NASA- 13,1990,4,4,commander,2005,STS-114
793,NASA Astronaut Group 13,1990,1,1,pilot,1995,STS-67
794,NASA Astronaut Group 14,1992,1,5,MSP,1995,STS-67
795,NASA Astronaut Group 15,1992,2,5,MSP,1997,STS-81
796,NASA Astronaut Group 16,1992,3,5,MSP,1999,STS-103
797,NASA Astronaut Group 17,1992,4,5,MSP,2002,STS-109
798,NASA Astronaut Group 18,1992,5,5,MSP,2009,STS-125
799,NASA- 14,1992,1,4,MSP,1995,STS-67
800,NASA- 14,1992,2,4,MSP,1997,STS-86
801,NASA- 14,1992,3,4,MSP,1998,STS-91
802,NASA- 14,1992,4,4,MSP,2005,STS-114
803,TsPK-8,1987,1,2,commander,1995,18
804,TsPK-8,1987,2,2,commander,2001,3
805,NPOE-9,1989,1,3,flight engineer,1995,19
806,NPOE-9,1989,2,3,flight engineer,1998,25
807,NPOE-9,1989,3,3,flight engineer,2002,6
808,NASA- 14,1992,1,4,pilot,1995,STS-70
809,NASA- 14,1992,2,4,pilot,1996,STS-78
810,NASA- 14,1992,3,4,commander,1997,STS-87
811,NASA- 14,1992,4,4,commander,2000,STS-99
812,1992 NASA group,1992,1,2,MSP,1995,STS-70
813,1992 NASA group,1992,2,2,MSP,2000,STS-101
814,TsPK-8,1987,1,3,commander,1995,20
815,TsPK-8,1987,2,3,commander,2000,1
816,TsPK-8,1987,3,3,commander,2002,Soyuz  3
817,ESA-2/EAC,1992,1,2,flight engineer,1995,20
818,ESA-2/EAC,1992,2,2,flight engineer,2006,13
819,NASA Astronaut Group 14,1992,1,4,MSP,1995,STS-69
820,NASA Astronaut Group 15,1992,2,4,MSP,1997,STS-83
821,NASA Astronaut Group 16,1992,3,4,MSP,1997,STS-94
822,NASA Astronaut Group 17,1992,4,4,MSP,2001,STS-104
823,NASA-14,1992,1,5,pilot,1995,STS-73
824,NASA-14,1992,2,5,pilot,1996,STS-80
825,NASA-14,1992,3,5,pilot,1997,STS-85
826,NASA-14,1992,4,5,commander,1999,STS-96
827,NASA-14,1992,5,5,commander,2001,STS-100
828,NASA- 14,1992,1,3,MSP,1995,STS-73
829,NASA- 14,1992,2,3,MSP,1999,STS-93
830,NASA- 14,1992,3,3,flight engineer,2011,26
831,NASA- 14,1992,1,4,MSP,1995,STS-73
832,NASA- 15,1992,2,4,MSP,2000,STS-92
833,NASA- 16,1992,3,4,MSP,2002,STS-113
834,NASA- 17,1992,4,4,flight engineer,2007,14
835,PS for STS-73,1994,1,1,PSP,1995,STS-73
836,PS for STS-73,1994,1,1,PSP,1995,STS-73
837,1992 CSA Group,1992,1,3,pilot,1995,STS-74
838,1992 CSA Group,1992,2,3,pilot,2001,STS-100
839,1992 CSA Group,1992,3,3,pilot,2012,34
840,NASA- 14,1992,1,4,pilot,1996,STS-72
841,NASA- 15,1992,2,4,pilot,1997,STS-81
842,NASA- 16,1992,3,4,commander,2000,STS-97
843,NASA- 17,1992,4,4,commander,2006,STS-115
844,1992 NASA group 14,1992,1,2,MSP,1996,STS-72
845,1992 NASA group 14,1992,2,2,MSP,1997,STS-87
846,NASDA-2,1992,1,4,MSP,1996,STS-72
847,NASDA-2,1992,2,4,MSP,2000,STS-92
848,NASDA-2,1992,3,4,flight engineer,2009,18
849,NASDA-2,1992,4,4,commander,2013,38
850,NASA- 14,1992,1,3,MSP,1996,STS-72
851,NASA- 14,1992,2,3,MSP,1999,STS-96
852,NASA- 14,1992,3,3,MSP,2001,STS-105
853,TsPK-10,1989,1,2,commander,1996,21
854,TsPK-11,1989,2,2,commander,2001,4
855,NASA- 14,1992,1,4,pilot,1996,STS-75
856,NASA- 15,1992,2,4,pilot,1997,STS-82
857,NASA- 16,1992,3,4,pilot,2000,STS-101
858,NASA- 17,1992,4,4,commander,2001,STS-105
859,1992 ESA Group,1992,1,1,MSP,1996,STS-75
860,1996 NASA Group,1996,1,2,MSP,1996,STS-75
861,1996 NASA Group,1996,2,2,MSP,2001,STS-100
862,1992 NASA group,1992,1,4,MSP,1983,STS-77
863,1992 NASA group,1992,2,4,MSP,1998,24
864,1992 NASA group,1992,3,4,MSP,2001,STS-102
865,1992 NASA group,1992,4,4,MSP,2005,STS-114
866,NASA- 14,1992,1,4,MSP,1996,STS-78
867,NASA- 14,1992,2,4,MSP,1998,STS-90
868,NASA- 14,1992,3,4,MSP,2002,STS-109
869,NASA- 14,1992,4,4,MSP,2008,STS-123
870,NASA- 14,1992,1,1,MSP,1996,STS-78
871,CNES-2,1985,1,1,PSP,1996,STS-78
872,1983 NRC Group,1983,1,2,MSP,1996,STS-78
873,1983 NRC Group,1983,2,2,flight engineer,2009,20
874,TsPK-8,1987,1,2,commander,1996,22
875,TsPK-9,1987,2,2,commander,2002,5
876,CNES-2/EAC,1985,1,2,MSP,1996,Soyuz TM-24/23
877,CNES-2/EAC,1985,2,2,flight engineer,2001,Soyuz TM-33/32
878,NPOE-10,1992,1,1,flight engineer,1997,23
879,DLR-3/EAC,1990,1,1,MSP,1997,Soyuz TM-25/24
880,NASA- 15,1995,1,2,pilot,1997,STS-83
881,NASA- 15,1995,2,2,pilot,1997,STS-94
882,PS for STS-42,1995,1,2,PSP,1997,STS-83
883,PS for STS-43,1995,2,2,PSP,1997,STS-94
884,PS for STS-42,1995,1,2,PSP,1997,STS-83
885,PS for STS-43,1995,2,2,PSP,1997,STS-94
886,NASA-15,1995,1,2,MSP,1997,STS-84
887,NASA-15,1995,2,2,MSP,2000,STS-97
888,NASA- 15,1995,1,3,MSP,1997,STS-84
889,NASA- 16,1995,2,3,MSP,2000,STS-106
890,NASA- 17,1995,3,3,flight engineer,2003,7
891,NPOE-10,1992,1,3,flight engineer,1997,24
892,NPOE-10,1992,2,3,commander,2006,13
893,NPOE-10,1992,3,3,commander,2013,35
894,NASA- 15,1994,1,3,MSP,1997,STS-85
895,NASA- 15,1994,2,3,MSP,2001,STS-98
896,NASA- 15,1994,3,3,MSP,2006,STS-116
897,NASA-15,1994,1,4,MSP,1997,STS-85
898,NASA-15,1994,2,4,MSP,1998,STS-95
899,NASA-15,1994,3,4,MSP,2005,STS-114
900,NASA-15,1994,4,4,MSP,2010,STS-130
901,1983 NRC Group,1983,1,1,PSP,1997,STS-85
902,NASA- 15,1994,1,3,pilot,1997,STS-86
903,NASA- 15,1994,2,3,pilot,2000,STS-97
904,NASA- 15,1994,3,3,commander,2002,STS-110
905,NASA- 15,1995,1,5,pilot,1997,STS-87
906,NASA- 16,1995,2,5,pilot,1998,STS-95
907,NASA- 17,1995,3,5,commander,2002,STS-104
908,NASA- 18,1995,4,5,commander,2006,STS-121
909,NASA- 19,1995,5,5,commander,2011,STS-133
910,NASA- 16,1994,1,2,MSP,1997,STS-87
911,NASA- 16,1994,2,2,MSP,2003,STS-107
912,NASDA-1,1985,1,2,MSP,1997,STS-87
913,NASDA-1,1985,2,2,MSP,2008,STS-123
914,TsPK-6 / GKNII-1 / Ukraine,1976,1,1,pilot,1997,STS87
915,NASA- 15,1995,1,1,pilot,1998,STS-89
916,NASA-15,1994,1,3,MSP,1998,STS-89
917,NASA-15,1994,2,3,MSP,2001,STS-104
918,NASA-15,1994,3,3,MSP,2007,STS-117
919,NASA- 15,1994,1,2,MSP,1998,STS-89
920,NASA- 15,1994,2,2,MSP,2003,STS-107
921,TsPK-11,1990,1,2,Flight engineer,1998,24
922,TsPK-11,1990,2,2,commander,2004,10
923,CNES-3/EAC,1990,1,2,MSP,1998,Soyuz TM-27/26
924,CNES-3/EAC,1990,2,2,flight engineer,2008,16
925,NASA- 15,1994,1,4,pilot,1998,STS-90
926,NASA- 15,1994,2,4,pilot,2000,STS-106
927,NASA- 15,1994,3,4,commander,2002,STS-109
928,NASA- 15,1994,4,4,commander,2009,STS-125
929,NASA- 15,1995,1,2,MSP,1998,STS-90
930,NASA- 16,1995,2,2,MSP,2010,STS-130
931,1992 CSA Group,1992,1,2,MSP,1998,STS-90
932,1992 CSA Group,1992,2,2,MSP,2007,STS-118
933,PS for Neurolab,1991,1,1,PSP,1998,STS-90
934,PS for neurolab,1996,1,1,PSP,1998,STS-90
935,NASA Astronaut Group 15,1995,1,4,pilot,1998,STS-91
936,NASA Astronaut Group 16,1995,2,4,pilot,2000,STS-99
937,NASA Astronaut Group 17,1995,3,4,commander,2001,STS-108
938,NASA Astronaut Group 18,1995,4,4,commander,2008,STS-123
939,NASA- 15,1995,1,3,MSP,1998,STS-91
940,NASA- 15,1995,2,3,MSP,2000,STS-99
941,NASA- 15,1995,3,3,MSP,2001,STS-104
942,TsPK-10,1989,1,5,commander,1998,26
943,TsPK-10,1989,2,5,commander,2004,9
944,TsPK-10,1989,3,5,commander,2009,19
945,TsPK-10,1989,4,5,commander,2012,31
946,TsPK-10,1989,5,5,commander,2015,43
947,Politician-1,1997,1,2,MSP,1998,26
948,1992 ESA Group,1992,1,2,flight engineer,1998,STS-95
949,Politician-2,1997,2,2,MSP,2001,Soyuz TM­32/31
950,1992 ESA Group,1992,2,2,flight engineer,2003,Soyuz TMA-3/2
951,1994 NASA group 15,1995,1,4,pilot,1998,STS-88
952,1994 NASA group 15,1995,2,4,pilot,2001,STS-105
953,1994 NASA group 15,1995,3,4,commander,2007,STS-117
954,1994 NASA group 15,1995,4,4,commander,2009,STS-128
955,Slovakia,1998,1,1,MSP,1999,27
956,NASA- 15,1995,1,2,pilot,1999,STS-96
957,NASA- 16,1995,2,2,commander,2003,STS-107
958,1992 CSA Group,1992,1,2,MSP,1999,STS-96
959,1992 CSA Group,1992,2,2,MSP,2009,STS-127
960,GKNII-3 / TsPK-12,1989,1,2,Flight engineer,1999,STS­96
961,GKNII-3 / TsPK-12,1989,2,2,MSP,2005,12
962,NASA-15,1995,1,3,pilot,1999,STS-93
963,NASA-15,1995,2,3,pilot,2001,STS-100
964,NASA-15,1995,3,3,commander,2002,STS-112
965,NASA- 16,1996,1,4,pilot,1999,STS-103
966,NASA- 16,1996,2,4,commander,2007,STS-118
967,NASA- 16,1996,3,4,flight engineer,2011,25
968,NASA- 16,1996,4,4,flight engineer,2015,43
969,DLR-2/EAC,1987,1,1,MSP,2000,STS-99
970,TsPK-11,1990,1,2,commander,2000,28
971,TsPK-11,1990,2,2,commander,2002,Soyuz TMA­1/TM­34
972,1996 NASA group 8,1996,1,4,MSP,2000,STS-101
973,1996 NASA group 8,1996,2,4,flight engineer,2006,13
974,1996 NASA group 8,1996,3,4,flight engineer,2010,21
975,1996 NASA group 8,1996,4,4,flight engineer,2016,47
976,NASA- 16,1996,1,4,MSP,2000,STS-106
977,NASA- 16,1996,2,4,MSP,2007,STS-118
978,NASA- 16,1996,3,4,MSP,2010,STS-131
979,NASA- 16,1996,4,4,flight engineer,2014,38
980,NASA- 16,1996,1,3,MSP,2000,STS-106
981,NASA- 16,1996,2,3,MSP,2006,STS-115
982,NASA- 16,1996,3,3,commander,2011,29
983,IMBP-5,1989,1,1,Flight engineer,2000,STS­106
984,NASA- 15,1995,1,3,pilot,2000,STS-92
985,NASA- 15,1995,2,3,pilot,2002,STS-112
986,NASA- 15,1995,3,3,commander,2007,STS-120
987,NASA-16,1996,1,3,pilot,2001,STS-98
988,NASA-16,1996,2,3,commander,2006,STS-116
989,NASA-16,1996,3,3,commander,2009,STS-127
990,NASA- 16,1996,1,2,pilot,2001,STS-102
991,NASA- 16,1996,2,2,pilot,2005,STS-114
992,NASA-16,1996,1,1,MSP,2001,STS-102
993,NASA-16,1996,1,3,MSP,2001,STS-100
994,NASA-16,1996,2,3,flight engineer,2005,11
995,NASA-16,1996,3,3,MSP,2009,STS-119
996,TsPK-12,1997,1,3,MSP,2001,STS­100
997,TsPK-12,1997,2,3,flight engineer,2002,Soyuz TMA­1/TM­34
998,TsPK-12,1997,3,3,commander,2008,18
999,MirCorp,2000,1,1,Other (space tourist),2001,ЭП-1
1000,NASA- 16,1996,1,3,pilot,2001,STS-104
1001,NASA- 16,1996,2,3,pilot,2007,STS-118
1002,NASA- 16,1996,3,3,commander,2009,STS-129
1003,NASA- 16,1996,1,3,MSP,2001,STS-105
1004,NASA- 16,1996,2,3,MSP,2007,STS-117
1005,NASA- 16,1996,3,3,MSP,2009,STS-128
1006,NPOE-11,1994,1,3,flight engineer,2001,3
1007,NPOE-11,1994,2,3,flight engineer,2006,14
1008,NPOE-11,1994,3,3,commander,2013,38
1009,RKKE-12,1996,1,1,flight engineer,2001,Soyuz TM­33/32
1010,NASA- 16,1996,1,4,pilot,2001,STS-108
1011,NASA- 16,1996,2,4,pilot,2006,STS-121
1012,NASA- 16,1996,3,4,commander,2008,STS-124
1013,NASA- 16,1996,4,4,commander,2011,STS-134
1014,1996 NASA group,1996,1,2,MSP,2001,STS-108
1015,1996 NASA group,1996,2,2,MSP,2007,16
1016,NASA- 16,1996,1,1,pilot,2002,STS-109
1017,NASA- 16,1996,1,2,MSP,2002,STS-109
1018,NASA- 16,1996,2,2,MSP,2009,STS-125
1019,NASA- 16,1996,1,2,pilot,2002,STS-110
1020,NASA- 16,1996,2,2,commander,2008,STS-122
1021,1996 NASA group,1996,1,3,MSP,2002,STS-110
1022,1996 NASA group,1996,2,3,MSP,2008,STS-122
1023,1996 NASA group,1996,3,3,MSP,2011,STS-135
1024,NASA- 16,1996,1,1,MSP,2002,STS-110
1025,1998 ESA Group,1998,1,3,flight engineer,2002,Soyuz TMA-34/TM-33
1026,1998 ESA Group,1998,2,3,flight engineer,2005,Soyuz TMA-6/TMA-5
1027,1998 ESA Group,1998,3,3,MSP,2011,STS-134
1028,Space Tourist 2,2001,1,1,Other (Space tourist),2002,Soyuz TM-34 / Soyuz TM-33
1029,NASA- 16,1996,1,2,pilot,2002,STS-111
1030,NASA- 17,1996,2,2,pilot,2002,STS-113
1031,CNES-3/EAC,1990,1,1,MSP,2002,STS-111
1032,1996 NASA group,1996,1,3,MSP,2002,5
1033,1996 NASA group,1996,2,3,flight engineer,2008,16
1034,1996 NASA group,1996,3,3,flight engineer,2016,50
1035,NPOE-10,1992,1,1,flight engineer,2002,5
1036,NASA- 16,1996,1,3,MSP,2002,STS-112
1037,NASA- 16,1996,2,3,MSP,2008,18
1038,NASA- 16,1996,3,3,MSP,2011,STS-135
1039,NASA-16,1996,1,3,MSP,2002,STS-112
1040,NASA-16,1996,2,3,MSP,2006,STS-121
1041,NASA-16,1996,3,3,MSP,2010,STS-132
1042,RKKE-14,1997,1,5,MSP,2002,STS­112
1043,RKKE-14,1997,2,5,flight engineer,2007,15
1044,RKKE-14,1997,3,5,commander,2010,24
1045,RKKE-14,1997,4,5,commander,2013,36
1046,RKKE-14,1997,5,5,commander,2017,51
1047,EAC,1998,1,2,commander,2002,Soyuz TMA-1/TM-34
1048,EAC,1998,2,2,commander,2009,20
1049,NASA- 16,1996,1,1,MSP,2002,STS-113
1050,NASA-16,1996,1,3,flight engineer,2002,6
1051,NASA-16,1996,2,3,MSP,2008,STS-126
1052,NASA-16,1996,3,3,flight engineer,2011,30
1053,NASA- 16,1996,1,1,pilot,2003,STS-107
1054,NASA- 16,1996,1,1,MSP,2003,STS-107
1055,NASA- 16,1996,1,1,MSP,2003,STS-107
1056,1996 NASA Group,1996,1,1,PSP,2003,STS-107
1057,China-1,2003,1,1,commander,2005,Shenzhou 5
1058,NASA- 16,1996,1,3,flight engineer,2004,9
1059,NASA- 16,1996,2,3,commander,2009,18
1060,NASA- 16,1996,3,3,MSP,2011,STS-134
1061,1998 ESA Group,1998,1,2,flight engineer,2004,Soyuz TMA-4/TMA-3
1062,1998 ESA Group,1998,2,2,flight engineer,2012,30
1063,MKS,1996,1,1,flight engineer,2004,Soyuz TMA­5
1064,NASDA-3,1996,1,2,MSP,2005,STS-114
1065,NASDA-3,1996,2,2,flight engineer,2009,22
1066,NASA- 16,1996,1,1,MSP,2005,STS-114
1067,,2004,1,1,Space tourist,2005,Soyuz TMA-7
1068,China-1,2005,1,1,commander,2005,Shenzhou 6
1069,China-1,2005,1,2,flight engineer,2005,Shenzhou 6
1070,China-1,2005,2,2,commander,2008,Shenzhou 10
1071,1998 NASA Group,1998,1,1,pilot,2006,Soyuz TMA-8
1072,NASA- 17,1998,1,3,MSP,2006,STS-121
1073,NASA- 17,1998,2,3,MSP,2008,STS-124
1074,NASA- 17,1998,3,3,commander,2011,28
1075,NASA-16,1996,1,1,MSP,2006,STS-121
1076,1996 NASA group,1996,1,3,MSP,2006,STS-121
1077,1996 NASA group,1996,2,3,MSP,2007,STS-120
1078,1996 NASA group,1996,3,3,MSP,2010,STS-131
1079,NASA- 17,1998,1,3,pilot,2006,STS-115
1080,NASA- 17,1998,2,3,commander,2008,STS-126
1081,NASA- 17,1998,3,3,commander,2011,STS-135
1082,1963 NASA group 2,1996,1,2,MSP,2002,STS-115
1083,1963 NASA group 2,1996,2,2,MSP,2008,STS-126
1084,,2006,1,1,Other (space tourist),2006,Soyuz TMA-9
1085,NASA-17,1998,1,1,pilot,2006,STS-116
1086,NASA-17,1998,1,2,MSP,2006,STS-116
1087,NASA-17,1998,2,2,MSP,2010,STS-130
1088,1992 ESA Group,1992,1,2,MSP,2006,STS-116
1089,1992 ESA Group,1992,2,2,MSP,2009,STS-128
1090,NASA- 16,1996,1,1,MSP,2006,STS-116
1091,1998 NASA group,1998,1,1,MSP,2006,14
1092,1998 NASA group,1998,2,2,flight engineer,2012,32
1093,MKS,1996,1,3,commander,2007,15
1094,MKS,1996,2,3,commander,2009,22
1095,MKS,1996,3,3,commander,2013,37
1096,,2006,1,2,Other (space tourist),2007,Soyuz TMA-10
1097,,2006,2,2,Other (space tourist),2009,Soyuz TMA-14
1098,NASA- 17,1998,1,2,pilot,2007,STS-117
1099,NASA- 17,1998,2,2,commander,2009,STS-119
1100,1998 NASA group,1998,1,3,MSP,2007,STS-117
1101,1998 NASA group,1998,2,3,MSP,2009,STS-119
1102,1998 NASA group,1998,3,3,flight engineer,2014,39
1103,NASA-17,1998,1,2,MSP,2007,STS-117
1104,NASA-17,1998,2,2,MSP,2009,STS-128
1105,NASA- 17,1998,1,2,flight engineer,2007,15
1106,NASA- 17,1998,2,2,MSP,2010,STS-131
1107,NASA- 17,1998,1,2,MSP,2007,STS-118
1108,NASA- 17,1998,2,2,flight engineer,2010,23
1109,NASA- 18,2000,1,2,MSP,2007,STS-118
1110,NASA- 18,2000,2,2,MSP,2011,STS-133
1111,NASA- 17,1998,1,1,MSP,2007,STS-118
1112,2006 Angkasawan Program,2006,1,1,Other (space tourist),2007,Soyuz TMA-11/10
1113,1998 NASA group,1998,1,2,pilot,2007,STS-120
1114,1998 NASA group,1998,2,2,commander,2010,STS-130
1115,1998 NASA group,1998,1,2,MSP,2007,STS-120
1116,1998 NASA group,1998,2,2,flight engineer,2010,24
1117,1998 ESA Group,1998,1,3,MSP,2007,STS-120
1118,1998 ESA Group,1998,2,3,flight engineer,2010,26
1119,1998 ESA Group,1998,3,3,flight engineer,2017,52
1120,NASA-17,1998,1,2,pilot,2008,STS-122
1121,NASA-17,1998,2,2,commander,2010,STS-131
1122,NASA- 17,1998,1,2,MSP,2008,STS-122
1123,NASA- 17,1998,2,2,MSP,2009,STS-129
1124,NASA- 17,1998,1,1,MSP,2008,STS-122
1125,NASA- 17,1998,1,2,pilot,2008,STS-123
1126,NASA- 18,1998,2,2,pilot,2011,STS-134
1127,NASA- 18,2000,1,2,MSP,2008,STS-123
1128,NASA- 18,2000,2,2,MSP,2010,STS-130
1129,NASA- 17,1998,1,2,MSP,2008,STS-123
1130,NASA- 17,1998,2,2,MSP,2009,STS-129
1131,NASA-17,1998,1,2,flight engineer,2008,16
1132,NASA-17,1998,2,2,MSP,2010,STS-132
1133,TsPK-12,1997,1,3,commander,2008,17
1134,TsPK-12,1997,2,3,commander,2011,28
1135,TsPK-12,1997,3,3,commander,2015,45
1136,MKS,1996,1,4,flight engineer,2008,17
1137,MKS,1996,2,4,commander,2011,30
1138,MKS,1996,3,4,commander,2015,44
1139,MKS,1996,4,4,commander,2018,57
1140,South Korea,2006,1,1,Other (Space tourist),2008,Soyuz TMA-12 / Soyuz TMA-11
1141,NASA Astronaut Group 17,1998,1,2,pilot,2008,STS-124
1142,NASA Astronaut Group 18,1998,2,2,commander,2010,STS-132
1143,NASA- 18,2000,1,2,MSP,2008,STS-124
1144,NASA- 18,2000,2,2,flight engineer,2013,36
1145,NASA Astronaut Group 18,2000,1,2,MSP,2008,STS-124
1146,NASA Astronaut Group 18,2000,2,2,MSP,2008,27
1147,NASDA-4,1999,1,2,MSP,2008,STS-124
1148,NASDA-4,1999,2,2,flight engineer,2012,32
1149,NASA-17,1998,1,2,flight engineer,2008,17
1150,NASA-17,1998,2,2,MSP,2011,STS-134
1151,China-1,2008,1,1,commander,2008,Shenzhou 7
1152,China-1,2008,1,1,flight engineer,2008,Shenzhou 7
1153,China-1,2008,1,3,flight engineer,2008,Shenzhou 7
1154,China-1,2008,2,3,commander,2012,Shenzhou 9
1155,China-1,2008,3,3,commander,2016,Shenzhou 11
1156,,2007,1,1,Space tourist,2008,Soyuz TMA-13
1157,NASA- 18,2000,1,2,pilot,2008,STS-126
1158,NASA- 18,2000,2,2,pilot,2011,STS-133
1159,NASA- 18,2000,1,3,MSP,2008,STS-126
1160,NASA- 18,2000,2,3,MSP,2010,STS-132
1161,NASA- 18,2000,3,3,MSP,2011,STS-133
1162,NASA- 19,2004,1,2,MSP,2008,STS-126
1163,NASA- 19,2004,2,2,flight engineer,2016,49
1164,NASA- 18,2000,1,2,pilot,2009,STS-119
1165,NASA- 18,2000,2,2,pilot,2010,STS-132
1166,NASA- 19,2004,1,3,MSP,2009,STS-119
1167,NASA- 19,2004,2,3,flight engineer,2012,31
1168,NASA- 19,2004,3,3,flight engineer,2017,53
1169,NASA- 19,2004,1,2,MSP,2009,STS-119
1170,NASA- 19,2004,2,2,flight engineer,2018,55
1171,NASA- 18,2000,1,2,flight engineer,2009,19
1172,NASA- 18,2000,2,2,MSP,2011,STS-133
1173,NASA- 17,1998,1,1,pilot,2009,STS-125
1174,NASA Astronaut Group 18,2000,1,2,MSP,2009,STS-125
1175,NASA Astronaut Group 19,2000,2,2,MSP,2010,STS-132
1176,NASA- 18,2000,1,1,MSP,2009,STS-125
1177,NASA- 18,2000,1,3,MSP,2009,STS-125
1178,NASA- 18,2000,2,3,MSP,2011,STS-134
1179,NASA- 18,2000,3,3,flight engineer,2018,55
1180,TsPK-12,1997,1,2,flight engineer,2009,20
1181,TsPK-12,1997,2,2,flight engineer,2012,34
1182,NASA- 18,2000,1,2,pilot,2009,STS-127
1183,NASA- 19,2000,2,2,pilot,2011,STS-135
1184,NASA- 19,2004,1,2,MSP,2009,STS-127
1185,NASA- 19,2004,2,2,flight engineer,2013,35
1186,NASA- 19,2004,1,2,MSP,2009,STS-127
1187,NASA- 19,2004,2,2,flight engineer,2013,34
1188,NASA- 18,2000,1,2,MSP,2009,20
1189,NASA- 18,2000,2,2,flight engineer,2015,46
1190,NASA- 18,2000,1,2,pilot,2009,STS-128
1191,NASA- 18,2000,2,2,commander,2012,33
1192,NASA- 19,2004,1,1,MSP,2009,STS-128
1193,2000 NASA group,2000,1,2,flight engineer,2009,20
1194,2000 NASA group,2000,2,2,MSP,2011,STS-133
1195,TsPK-12,1997,1,2,commander,2014,40
1196,TsPK-12,1997,2,2,commander,2009,21
1197,Space Tourist,2009,1,1,Other (Space tourist),2009,Soyuz TMA-16/14
1198,2000 NASA group,2000,1,2,pilot,2009,STS-129
1199,2000 NASA group,2000,2,2,flight engineer,2014,41
1200,NASA- 19,2004,1,2,MSP,2009,STS-129
1201,NASA- 19,2004,2,2,flight engineer,2017,52
1202,2004 NASA Group 19,2004,1,1,MSP,2009,STS-129
1203,NASA- 17,1998,1,1,flight engineer,2009,22
1204,2000 NASA group,2000,1,2,pilot,2010,STS-130
1205,2001 NASA group,2000,2,2,flight engineer,2014,42
1206,TsPK-12,1997,1,3,commander,2010,23
1207,TsPK-12,1997,2,3,commander,2014,39
1208,TsPK-12,1997,3,3,commander,2019,60
1209,RKKE-14,1998,1,2,flight engineer,2010,23
1210,RKKE-14,1998,2,2,flight engineer,2015,43
1211,NASA- 19,2004,1,1,pilot,2010,STS-131
1212,NASA- 19,2004,1,1,MSP,2010,STS-131
1213,NASDA-4,1999,1,1,MSP,2010,STS-131
1214,2004 NASA group,2004,1,1,flight engineer,2010,24
1215,RKKE-14,1997,1,3,flight engineer,2010,25
1216,RKKE-14,1997,2,3,flight engineer,2016,47
1217,RKKE-14,1997,3,3,commander,2019,61
1218,TsPK-12,1997,1,1,commander,2010,26
1219,TsPK-13,2003,1,2,commander,2011,27
1220,TsPK-13,2003,2,2,commander,2014,41
1221,RKKE-15,2003,1,2,flight engineer,2011,27
1222,RKKE-15,2003,2,2,flight engineer,2016,49
1223,NASDA-4,1999,1,1,flight engineer,2011,28
1224,TsPK-13,2003,1,3,commander,2011,29
1225,TsPK-13,2003,2,3,commander,2014,42
1226,TsPK-13,2003,3,3,commander,2017,54
1227,TsPK-13,2003,1,2,commander,2011,29
1228,TsPK-13,2003,2,2,flight engineer,2016,48
1229,RKKE-12,1996,1,1,flight engineer,2012,31
1230,China-1,2012,1,1,flight engineer,2012,Shenzhou 9
1231,China-2,2012,1,1,flight engineer,2012,Shenzhou 9
1232,TsPK-14,2006,1,2,commander,2012,33
1233,TsPK-14,2006,2,2,commander,2016,50
1234,TsPK-13,2003,1,1,flight engineer,2012,33
1235,TsPK-14,2006,1,2,flight engineer,2013,35
1236,TsPK-14,2006,2,2,commander,2017,53
1237,2009 ESA Group,2009,1,2,flight engineer,2013,36
1238,2009 ESA Group,2009,2,2,flight engineer,2019,
1239,China-1,2013,1,1,flight engineer,2013,Shenzhou 10
1240,China-2,2013,1,1,flight engineer,2013,Shenzhou 10
1241,IMBP-6,2003,1,2,flight engineer,2013,37
1242,IMBP-6,2003,2,2,commander,2017,52
1243,2009 NASA group,2009,1,1,flight engineer,2013,37
1244,RKKE-15,2003,1,2,flight engineer,2014,39
1245,RKKE-15,2003,2,2,commander,2018,55
1246,2009 NASA group,2009,1,1,MSP,2014,40
1247,ESA-3/EAC,2009,1,2,flight engineer,2014,40
1248,ESA-3/EAC,2009,2,2,flight engineer,2018,56
1249,RKKE-15,2006,1,1,flight engineer,2014,41
1250,2009 ESA Group,2009,1,1,flight engineer,2014,42
1251,JAXA-5,2009,1,1,flight engineer,2015,44
1252,2009 NASA group,2009,1,1,flight engineer,2015,44
1253,ESA-3/EAC,2009,1,1,flight engineer,2015,Soyuz TMA-18M/16M
1254,Kzazkh Cosmonaut Group 1,2012,1,1,flight engineer,2015,Soyuz TMA-18M/16M
1255,2009 ESA Group,2009,1,1,pilot,2015,46
1256,TsPK-14,2006,1,3,commander,2016,47
1257,TsPK-14,2006,2,3,commander,2019,57
1258,TsPK-14,2006,3,3,commander,2019,59
1259,JAXA-5,2009,1,1,flight engineer,2016,48
1260,NASA-20,2009,1,1,flight engineer,2016,48
1261,China-2,2010,1,1,flight engineer,2016,Shenzhou 11
1262,TsPK-14,2006,1,1,commander,2016,49
1263,ESA-3/EAC,2009,1,1,flight engineer,2016,50
1264,NASA-20,2009,1,1,flight engineer,2017,51
1265,NASA-20,2009,1,1,flight engineer,2017,53
1266,NASA-20,2009,1,1,flight engineer,2017,54
1267,JAXA-5,2009,1,1,flight engineer,2017,54
1268,TsPK-15,2010,1,1,commander,2018,56
1269,NASA-20,2009,1,1,flight engineer,2018,56
1270,NASA-21,2013,1,2,flight engineer,2018,57
1271,NASA-21,2013,2,2,flight engineer,2019,59
1272,CSA-3,2009,1,1,flight engineer,2018,57
1273,NASA-21,2013,1,1,flight engineer,2018,57
1274,NASA-21,2013,1,1,flight engineer,2019,59
1275,NASA-21,2013,1,1,flight engineer,2019,60
1276,NASA-21,2013,1,1,flight engineer,2019,60
1277,MBRSC Selection 1,2018,1,1,spaceflight participant,2019,EP-19
