id,ascend_shuttle,in_orbit,descend_shuttle,hours_mission,total_hrs_sum,field21,eva_hrs_mission,total_eva_hrs
1,Vostok 1,Vostok 2,Vostok 3,1.77,1.77,0,0.0,0.0
2,Vostok 2,Vostok 2,Vostok 2,25.0,25.3,0,0.0,0.0
3,MA-6,MA-6,MA-6,5.0,218.0,0,0.0,0.0
4,STS-95,STS-95,STS-95,213.0,218.0,0,0.0,0.0
5,Mercury-Atlas 7,Mercury-Atlas 7,Mercury-Atlas 7,5.0,5.0,0,0.0,0.0
6,Vostok 3,Vostok 3,Vostok 3,94.0,519.33,0,0.0,0.0
7,Soyuz 9,Soyuz 9,Soyuz 9,424.0,519.33,0,0.0,0.0
8,Vostok 4,Vostok 4,Vostok 4,70.93,448.45,0,0.0,0.0
9,Soyuz 14,Soyuz 14,Soyuz 14,377.0,448.45,0,0.0,0.0
10,Mercury-Atlas 8,Mercury-Atlas 8,Mercury-Atlas 8,9.22,295.2,0,0.0,0.0
11,Gemini 6A,Gemini 6A,Gemini 6A,25.87,295.2,0,0.0,0.0
12,Apollo 7,Apollo 7,Apollo 7,260.13,295.2,0,0.0,0.0
13,Mercury-Atlas 9,Mercury-Atlas 9,Mercury-Atlas 9,34.32,225.0,0,0.0,0.0
14,Gemini 5,Gemini 5,Gemini 5,191.92,225.0,0,0.0,0.0
15,Vostok 5,Vostok 5,Vostok 5,119.13,497.8,0,0.0,0.0
16,Soyuz 22,Soyuz 22,Soyuz 22,189.0,497.8,0,0.0,0.0
17,Soyuz 31,Salyut 6,Soyuz 29,188.0,497.8,0,0.0,0.0
18,Vostok 6,Vostok 6,Vostok 6,70.83,70.83,0,0.0,0.0
19,Voskhod 1,Voskhod 1,Voskhod 1,24.28,51.07,0,0.0,0.0
20,Soyuz 1,Soyuz 1,Soyuz 1,26.78,51.07,0,0.0,0.0
21,Voskhod 1,Voskhod 1,Voskhod 1,24.28,24.28,0,0.0,0.0
22,Voskhod 1,Voskhod 1,Voskhod 1,24.28,24.28,0,0.0,0.0
23,Voskhod 2,Voskhod 2,Voskhod 2,26.03,26.03,0,0.0,0.0
24,Voskhod 2,Voskhod 2,Voskhod 2,26.03,168.53,1,0.73,0.73
25,Soyuz 19,Soyuz 19/Apollo,Soyuz 19,142.0,168.53,0,0.0,0.73
26,Gemini 3,Gemini 3,Gemini 3,4.86,4.86,0,0.0,0.0
27,Gemini 3,Gemini 3,Gemini 3,4.86,835.65,0,0.0,20.23
28,Gemini 10,Gemini 10,Gemini 10,70.77,835.65,0,0.0,20.23
29,Apollo 10,Apollo 10,Apollo 10,192.05,835.65,0,0.0,20.23
30,Apollo 16,Apollo 16,Apollo 16,265.85,835.65,3,20.23,20.23
31,STS-1,STS-1,STS-1,54.5,835.65,0,0.0,20.23
32,STS-9,STS-9,STS-9,240.0,835.65,0,0.0,20.23
33,Gemini 4,Gemini 4,Gemini 4,97.0,338.0,0,0.0,0.0
34,Apollo 9,Apollo 9,Apollo 9,241.0,338.0,0,0.0,0.0
35,Gemini 4,Gemini 4,Gemini 4,97.93,97.93,1,0.33,0.33
36,Gemini 5,Gemini 5,Gemini 5,191.0,1179.0,0,0.0,12.77
37,Gemini 11,Gemini 11,Gemini 11,71.0,1179.0,0,0.0,12.77
38,Apollo 12,Apollo 12,Apollo 12,244.0,1179.0,2,7.75,12.77
39,Skylab 2,Skylab 2,Skylab 2,673.0,1179.0,2,5.02,12.77
40,Gemini 7,Gemini 7,Gemini 7,330.58,477.0,0,0.0,0.0
41,Apollo 8,Apollo 8,Apollo 8,147.0,477.0,0,0.0,0.0
42,Gemini 7,Gemini 7,Gemini 7,330.58,715.05,0,0.0,0.0
43,Gemini 12,Gemini 12,Gemini 12,94.0,715.05,0,0.0,0.0
44,Apollo 8,Apollo 8,Apollo 8,147.0,715.05,0,0.0,0.0
45,Apollo 13,Apollo 13,Apollo 13,142.0,715.05,0,0.0,0.0
46,gemini 6A,gemini 6A,gemini 6A,25.86,508.0,0,0.0,0.0
47,Gemini 9A,Gemini 9A,Gemini 9A,72.0,508.0,0,0.0,0.0
48,Apollo 10,Apollo 10,Apollo 10,192.0,508.0,0,0.0,0.0
49,ASTP,ASTP,ASTP,217.0,508.0,0,0.0,0.0
50,Gemini 8,Gemini 8,Gemini 8,11.0,206.0,0,0.0,2.51
51,Apollo 11,Apollo 11,Apollo 11,195.0,206.0,1,2.52,2.51
52,Gemini 8,Gemini 8,Gemini 8,240.68,546.0,0,0.0,19.9
53,Apollo 9,Apollo 9,Apollo 9,241.0,546.0,1,1.13,19.9
54,Apollo 15,Apollo 15,Apollo 15,312.0,546.0,3,18.77,19.9
55,Gemini 9A,Gemini 9A,Gemini 9A,72.0,565.0,1,2.12,24.18
56,Apollo 10,Apollo 10,Apollo 10,192.05,565.0,0,0.0,24.18
57,Apollo 17,Apollo 17,Apollo 17,302.0,565.0,3,22.13,24.18
58,Gemini 10,Gemini 10,Gemini 10,71.0,266.0,1,1.47,1.47
59,Apollo 11,Apollo 11,Apollo 11,195.0,266.0,0,0.0,1.47
60,Gemini 11,Gemini 11,Gemini 11,71.28,315.88,0,0.0,2.68
61,Apollo 12,Apollo 12,Apollo 12,244.6,315.88,2,2.68,2.68
62,Gemini 12,Gemini 12,Gemini 12,94.58,289.0,3,5.5,8.0
63,Apollo 11,Apollo 11,Apollo 11,195.0,289.0,1,2.5,8.0
64,Apollo 7,Apollo 7,Apollo 7,260.13,260.0,0,0.0,0.0
65,Apollo 7,Apollo 7,Apollo 7,260.13,260.13,0,0.0,0.0
66,Soyuz T­13,Salyut 7,Soyuz T­14,4035.0,6065.63,0,0.0,5.0
67,Soyuz TM­5,Mir EP,Soyuz TM­4,236.0,6065.63,0,0.0,5.0
68,Soyuz 39,Soyuz 39,Soyuz 39,188.7,188.7,0,0.0,0.0
69,STS-1,STS-1,STS-1,54.0,565.0,0,0.0,0.0
70,STS-7,STS-7,STS-7,146.0,565.0,0,0.0,0.0
71,STS-41-C,STS-41-C,STS-41-C,168.0,565.0,0,0.0,0.0
72,STS-41-G,STS-41-G,STS-41-G,197.0,565.0,0,0.0,0.0
73,Soyuz 40,Soyuz 40,Soyuz 40,188.7,188.7,0,0.0,0.0
74,STS-2,STS-2,STS-2,30.0,224.0,0,0.0,0.0
75,STS-51-I,STS-51-I,STS-51-I,170.0,224.0,0,0.0,0.0
76,STS-2,STS-2,STS-2,54.21,199.34,0,0.0,0.0
77,STS-8,STS-8,STS-8,145.13,199.34,0,0.0,0.0
78,STS-3,STS-3,STS-3,192.0,382.0,0,0.0,0.0
79,STS-51-F,STS-51-F,STS-51-F,190.0,382.0,0,0.0,0.0
80,Soyuz T­5,Salyut 7,Soyuz T­7,5073.0,5073.07,1,2.55,2.55
81,Soyuz T-6,Salyut 7,Soyuz T-6,190.0,1043.32,0,0.0,5.95
82,Soyuz TM-7,Mir,Soyuz TM-6,594.0,1043.32,1,5.95,5.95
83,STS-86,STS-86,STS-86,259.3,1043.32,0,0.0,5.95
84,STS-4,STS-4,STS-4,169.0,481.0,0,0.0,0.0
85,STS-41-D,STS-41-D,STS-41-D,144.0,481.0,0,0.0,0.0
86,STS-61-A,STS-61-A,STS-61-A,168.0,481.0,0,0.0,0.0
87,Soyuz T­7,Salyut 7,Soyuz T­5,189.0,8950.87,0,0.0,31.82
88,Soyuz 3,Soyuz 3,Soyuz 3,94.83,94.83,0,0.0,0.0
89,Apollo 8,Apollo 8,Apollo 8,147.0,147.0,0,0.0,0.0
90,Soyuz 4,Soyuz 4/Soyuz 5,Soyuz 4,71.33,237.92,0,0.0,0.0
91,Soyuz 8,Soyuz 8,Soyuz 8,118.0,237.92,0,0.0,0.0
92,Soyuz 10,Soyuz 10,Soyuz 10,47.0,237.92,0,0.0,0.0
93,Soyuz 5,Soyuz 5/Soyuz 4,Soyuz 5,72.0,1255.28,0,0.0,0.0
94,Soyuz 21,Soyuz 21,Soyuz 21,1182.0,1255.28,0,0.0,0.0
95,Soyuz 5,Soyuz 5/4,Soyuz 4,47.0,214.33,1,0.62,0.62
96,Soyuz 8,Soyuz 8,Soyuz 8,118.0,214.33,0,0.0,0.62
97,Soyuz 10,Salyut 1,Soyuz 10,47.0,214.33,0,0.0,0.62
98,Soyuz 5,Soyuz 5/4,Soyuz 4,48.17,47.75,1,0.62,0.62
99,apollo 9,apollo 9,apollo 9,241.0,241.0,1,1.13,1.13
100,Soyuz 6,Soyuz 6,Soyuz 6,118.0,118.7,0,0.0,0.0
101,Soyuz 6,Soyuz 6,Soyuz 6,118.0,449.95,0,0.0,0.0
102,Soyuz 19,Soyuz 19/Apollo,Soyuz 19,142.0,449.95,0,0.0,0.0
103,Soyuz 36,Salyut 6,Soyuz 35,188.0,449.95,0,0.0,0.0
104,Soyuz 7,Soyuz 7,Soyuz 7,118.0,261.05,0,0.0,0.0
105,Soyuz 16,Soyuz 16,Soyuz 16,142.0,261.05,0,0.0,0.0
106,Soyuz 7,Soyuz 7,Soyuz 7,118.0,689.02,0,0.0,0.0
107,Soyuz 11,Salyut 1,Soyuz 11,570.0,689.02,0,0.0,0.0
108,Soyuz 7,Soyuz 7,Soyuz 7,118.0,732.78,0,0.0,0.0
109,Soyuz 24,Salyut 5,Soyuz 24,425.0,732.78,0,0.0,0.0
110,Soyuz 37,Salyut 6,Soyuz 36,188.0,732.78,0,0.0,0.0
111,Apollo 12,Apollo 12,Apollo 12,244.81,1671.75,2,6.4,9.32
112,Apollo CSM-117,Skylab 3,Apollo CSM-117,1427.23,1671.75,1,2.68,9.32
113,Apollo 13,Apollo 13,Apollo 13,142.0,142.0,0,0.0,0.0
114,Apollo 13,Apollo 13,Apollo 13,142.0,142.0,0,0.0,0.0
115,Soyuz 9,Soyuz 9,Soyuz 9,424.0,1936.3,0,0.0,0.0
116,Soyuz 18,Salyut 5,Soyuz 18,1511.0,1936.3,0,0.0,0.0
117,Apollo 14,Apollo 14,Apollo 14,216.0,216.25,2,9.25,9.25
118,Apollo 14,Apollo 14,Apollo 14,216.0,216.0,0,0.0,0.0
119,Apollo 14,Apollo 14,Apollo 14,216.0,216.0,2,9.38,9.38
120,Soyuz 10,Soyuz 10,Soyuz 10,47.0,237.15,0,0.0,0.0
121,Soyuz 16,Soyuz 16,Soyuz 16,142.0,237.15,0,0.0,0.0
122,Soyuz 33,Soyuz 33,Soyuz 33,47.0,237.15,0,0.0,0.0
123,Soyuz 11,Salyut 1,Soyuz 11,570.0,570.35,0,0.0,0.0
124,Soyuz 11,Salyut 1,Soyuz 11,570.0,570.35,0,0.0,0.0
125,Apollo 15,Apollo 15,Apollo 15,295.2,295.2,1,0.63,0.63
126,Apollo 15,Apollo 15,Apollo 15,295.0,295.0,3,18.5,18.5
127,Apollo 16,Apollo 16,Apollo 16,266.0,508.0,1,1.38,1.38
128,STS-4,STS-4,STS-4,169.0,508.0,0,0.0,1.38
129,STS-151-C,STS-151-C,STS-151-C,73.0,508.0,0,0.0,1.38
130,Apollo 16,Apollo 16,Apollo 16,265.0,265.0,3,20.25,20.25
131,Apollo 17,Apollo 17,Apollo 17,301.0,301.0,1,1.4,1.4
132,Apollo 17,Apollo 17,Apollo 17,301.0,301.0,3,22.07,22.07
133,Apollo Sk.2,Apollo Sk.2,Apollo Sk.2,267.0,793.22,2,2.27,2.27
134,STS-6,STS-6,STS-6,120.0,793.22,0,0.0,2.27
135,Apollo Sk.2,Apollo Sk.2,Apollo Sk.2,672.0,672.0,1,3.42,3.42
136,Apollo Sk.3,Skylab 3,Skylab 3,1427.0,1619.0,2,11.0,11.0
137,STS-3,STS-3,STS-3,192.0,1619.0,0,0.0,11.0
138,Apollo Sk.3,Skylab,Apollo Sk.3,1427.0,1674.0,3,13.72,13.72
139,STS-9,STS-9,STS-9,247.0,1674.0,0,0.0,13.72
140,Soyuz 12,Soyuz 12,Soyuz 12,47.0,47.25,0,0.0,0.0
141,Soyuz 12,Soyuz 12,Soyuz 12,47.0,497.33,0,0.0,0.0
142,Soyuz 27,Salyut 6,Soyuz 26,142.0,497.33,0,0.0,0.0
143,Soyuz T­3,Salyut 6,Soyuz T­3,307.0,497.33,0,0.0,0.0
144,Skylab 4,Skylab 4,Skylab 4,2017.0,2017.0,3,15.85,15.85
145,Skylab 4,Skylab 4,Skylab 4,2017.0,2017.0,2,13.62,13.62
146,Skylab 4,Skylab 4,Skylab 4,2017.0,2017.0,3,15.35,15.35
147,Soyuz 13,Soyuz 13,Soyuz 13,188.0,1890.28,0,0.0,0.0
148,Soyuz 18,Saluyt 4,Soyuz 18,1511.0,1890.28,0,0.0,0.0
149,Soyuz 30,Saluyt 6,Soyuz 30,190.0,1890.28,0,0.0,0.0
150,Soyuz 13,Soyuz 13,Soyuz 13,188.0,5261.98,0,0.0,2.55
151,Soyuz T­5,Salyut 7,Soyuz T­7,5313.0,5261.98,1,2.55,2.55
152,Soyuz 14,Salyut 3,Soyuz 14,377.0,377.5,0,0.0,0.0
153,Soyuz 15,Soyuz 15,Soyuz 15,48.0,48.2,0,0.0,0.0
154,Soyuz 15,Soyuz 15,Soyuz 15,48.0,48.2,0,0.0,0.0
155,Soyuz 17,Salyut 4,Soyuz 17,709.0,899.6,0,0.0,0.0
156,Soyuz 28,Salyut 6,Soyuz 28,190.0,899.6,0,0.0,0.0
157,Soyuz 17,Salyut 4,Soyuz 17,709.0,3236.53,0,0.0,1.01
158,Soyuz 26,Salyut 6,Soyuz 27,2314.0,3236.53,1,1.01,1.01
159,Soyuz T­14,Soyuz 7,Soyuz T­13,213.0,3236.53,0,0.0,1.01
160,ASTP,ASTP,ASTP,217.5,746.0,0,0.0,0.0
161,STS-5,STS-5,STS-5,122.25,746.0,0,0.0,0.0
162,STS-41-B,STS-41-B,STS-41-B,191.25,746.0,0,0.0,0.0
163,STS-35,STS-35,STS-35,215.0,746.0,0,0.0,0.0
164,ASTP,ASTP,ASTP,217.47,217.47,0,0.0,0.0
165,Soyuz 21,Salyut 5,Soyuz 21,1182.0,1182.38,0,0.0,0.0
166,Soyuz 22,Soyuz 22,Soyuz 22,189.0,284.18,0,0.0,0.0
167,Soyuz T­2,Salyut 6,Soyuz T­2,94.0,284.18,0,0.0,0.0
168,Soyuz 23,Soyuz 23,Soyuz 23,48.0,48.1,0,0.0,0.0
169,Soyuz 23,Soyuz 23,Soyuz 23,48.0,48.1,0,0.0,0.0
170,Soyuz 24,Salyut 5,Soyuz 24,425.0,425.42,0,0.0,0.0
171,Soyuz 25,Soyuz 25,Soyuz 25,48.0,5193.13,0,0.0,2.33
172,Soyuz 29,Salyut 6,Soyuz 31,3350.0,5193.13,1,2.33,2.33
173,Soyuz T­4,Salyut 6,Soyuz T­4,1793.0,5193.13,0,0.0,2.33
174,Soyuz 25,Soyuz 25,Soyuz 25,48.0,8921.4,0,0.0,1.38
175,Soyuz 32,Salyut 6,Soyuz 34,4200.0,8921.4,1,1.38,1.38
176,Soyuz 35,Salyut 6,Soyuz 37,4436.0,8921.4,0,0.0,1.38
177,STS­ 91,STS­ 91,STS­ 91,235.0,8921.4,0,0.0,1.38
178,Soyuz 26,Salyut 6,Soyuz 27,2314.0,10338.35,1,1.47,10.27
179,Soyuz 38,Salyut 6,Soyuz 38,188.0,10338.35,0,0.0,10.27
180,Soyuz TM­2/3,Mir,Soyuz TM­2/3,7835.0,10338.35,3,8.8,10.27
181,Soyuz 27,Salyut 6,Soyuz 26,142.0,3495.93,0,0.0,8.57
182,Soyuz 39,Salyut 6,Soyuz 39,188.0,3495.93,0,0.0,8.57
183,Soyuz T­6,Salyut 7,Soyuz T­6,189.0,3495.93,0,0.0,8.57
184,Soyuz T­12,Salyut 7,Soyuz T­12,283.0,3495.93,1,3.57,8.57
185,Soyuz T­13,Salyut 7,Soyuz T­13,2691.0,3495.93,1,5.0,8.57
186,Soyuz 28,Soyuz 28,Soyuz 28,190.28,190.28,0,0.0,0.0
187,Soyuz 29,Salyut 6,Soyuz 31,3350.0,3540.62,1,2.33,2.33
188,Soyuz T6,Salyut 7,Soyuz T6,189.0,3540.62,0,0.0,2.33
189,Soyuz 30,Soyuz 30,Soyuz 30,190.03,190.03,0,0.0,0.0
190,Soyuz 31,Soyuz 31,Soyuz 29,188.82,188.82,0,0.0,0.0
191,Soyuz 32,Salyut 6,Soyuz 34,4200.0,7999.78,1,1.38,7.12
192,Soyuz T­9,Salyut 7,Soyuz T­9,3586.0,7999.78,2,5.73,7.12
193,Soyuz TM­6,Mir,Soyuz TM­5,212.0,7999.78,0,0.0,7.12
194,Soyuz 33,Soyuz 33,Soyuz 33,47.0,47.0,0,0.0,0.0
195,Soyuz 35,Salyut 6,Soyuz 37,4436.0,4814.75,0,0.0,0.0
196,Soyuz 40,Salyut 6,Soyuz 40,188.0,4814.75,0,0.0,0.0
197,Soyuz T­7,Salyut 7,Soyuz T­5,189.0,4814.75,0,0.0,0.0
198,,Soyuz 36/35,,188.75,188.75,0,0.0,0.0
199,Soyuz T­2,Salyut 7,Soyuz T­2,94.0,283.98,0,0.0,0.0
200,Soyuz T­11,Salyut 7,Soyuz T­10,189.0,283.98,0,0.0,0.0
201,Soyuz 37,Salyut 6,Soyuz 36,188.7,188.7,0,0.0,0.0
202,Soyuz 38,Soyuz 38,Soyuz 38,1887.71,188.71,0,0.0,0.0
203,Soyuz T­3,Salyut 6,Soyuz T­3,307.0,8993.93,0,0.0,31.48
204,Soyuz T­10,Salyut 7,Soyuz T­11,5686.0,8993.93,6,22.83,31.48
205,Soyuz T­15,Mir/Salyut 7,Soyuz T­15,3000.0,8993.93,2,8.83,31.48
206,Soyuz T­3,Salyut 6,Soyuz T­3,307.0,6454.37,0,0.0,20.93
207,Soyuz T­8,Soyuz T­8,Soyuz T­8,48.0,6454.37,0,0.0,20.93
208,Soyuz T­11,Salyut 7,Soyuz T­10,189.0,6454.37,0,0.0,20.93
209,Soyuz TM­10,Mir,Soyuz TM­10,3140.0,6454.37,1,2.75,20.93
210,Soyuz TM­21,Mir,STS­71,2768.0,6454.37,3,18.18,20.93
211,Soyuz T­4,Salyut 6,Soyuz T­4,1793.0,6065.63,1,5.0,5.0
212,Soyuz T­8,Soyuz T­8,Soyuz T­8,48.0,8950.87,0,0.0,31.82
213,Soyuz TM­8,Mir,Soyuz TM­8,3990.0,8950.87,5,17.6,31.82
214,Soyuz TM­17,Mir,Soyuz TM­17,4721.0,8950.87,5,14.22,31.82
215,Soyuz T­7,Salyut 7,Soyuz T­5,189.0,473.1,0,0.0,3.58
216,Soyuz T­12,Salyut 7,Soyuz T­12,283.0,473.1,1,3.58,3.58
217,STS-5,STS-5,STS-5,122.0,290.0,0,0.0,0.0
218,STS-51-B,STS-51-B,STS-51-B,168.0,290.0,0,0.0,0.0
219,STS-5,STS-5,STS-5,122.0,314.0,0,0.0,11.7
220,STS-51-A,STS-51-A,STS-51-A,191.0,314.0,2,11.7,11.7
221,STS-5,STS-5,STS-5,122.0,122.0,0,0.0,0.0
222,STS-6,STS-6,STS-6,122.0,386.0,0,0.0,0.0
223,STS-51-D,STS-51-D,STS-51-D,236.0,386.0,0,0.0,0.0
224,STS-51-J,STS-51-J,STS-51-J,98.0,386.0,0,0.0,0.0
225,STS-6,STS-6,STS-6,120.0,120.0,1,3.83,3.83
226,STS-6,STS-6,STS-6,120.0,1281.0,1,3.87,25.9
227,STS-51F,STS-51F,STS-51F,191.0,1281.0,0,0.0,25.9
228,STS-33,STS-33,STS-33,168.0,1281.0,0,0.0,25.9
229,STS-44,STS-44,STS-44,167.0,1281.0,0,0.0,25.9
230,STS-61,STS-61,STS-61,260.0,1281.0,3,22.03,25.9
231,STS-80,STS-80,STS-80,424.0,1281.0,0,0.0,25.9
232,Soyuz T­8,Soyuz T­8,Soyuz T­8,48.0,9288.75,0,0.0,18.8
233,Soyuz TM­4,Mir,Soyuz TM­6,8782.0,9288.75,3,13.78,18.8
234,STS­63,STS­63,STS­63,198.0,9288.75,0,0.0,18.8
235,STS­86,Mir,STS­86,259.0,9288.75,1,5.02,18.8
236,STS-7,STS-7,STS-7,146.0,434.0,0,0.0,0.0
237,STS-51-A,STS-51-A,STS-51-A,191.0,434.0,0,0.0,0.0
238,STS-26,STS-26,STS-26,97.0,434.0,0,0.0,0.0
239,STS-7,STS-7,STS-7,146.0,316.0,0,0.0,0.0
240,STS-51-G,STS-51-G,STS-51-G,170.0,316.0,0,0.0,0.0
241,STS-7,STS-7,STS-7,147.0,343.0,0,0.0,0.0
242,STS-41-G,STS-41-G,STS-41-G,197.0,343.0,0,0.0,0.0
243,STS-7,STS-7,STS-7,147.0,3373.4,0,0.0,0.0
244,STS-51B,STS-51B,STS-51B,168.0,3373.4,0,0.0,0.0
245,STS-30,STS-30,STS-30,97.0,3373.4,0,0.0,0.0
246,STS-42,STS-42,STS-42,192.0,3373.4,0,0.0,0.0
247,Soyuz-TM21,Mir,STS-71,2760.0,3373.4,0,0.0,0.0
248,Soyuz T­9,Salyut 7,Soyuz T­9,3586.0,7434.03,2,5.86,5.86
249,Soyuz TM­3,Mir,Soyuz TM­3,3847.0,7434.03,0,0.0,5.86
250,STS-8,STS-8,STS-8,145.0,789.0,0,0.0,0.0
251,STS-51-G,STS-51-G,STS-51-G,170.0,789.0,0,0.0,0.0
252,STS-32,STS-32,STS-32,261.0,789.0,0,0.0,0.0
253,STS-49,STS-49,STS-49,213.0,789.0,0,0.0,0.0
254,STS-8,STS-8,STS-8,31.0,688.0,0,0.0,0.0
255,STS-61-A,STS-61-A,STS-61-A,168.0,688.0,0,0.0,0.0
256,STS-39,STS-39,STS-39,199.0,688.0,0,0.0,0.0
257,STS-53,STS-53,STS-53,175.0,688.0,0,0.0,0.0
258,STS-8,"STS-8, INSAT-1B",STS-8,145.0,336.0,0,0.0,12.0
259,STS-51A,STS-51A,STS-51A,191.0,336.0,2,12.0,12.0
260,STS-8,STS-8,STS-8,145.0,313.26,0,0.0,0.0
261,STS-51-B,STS-51-B,STS-51-B,169.0,313.26,0,0.0,0.0
262,STS-9,STS-9,STS-9,247.75,533.75,0,0.0,0.0
263,STS-61-B,STS-61-B,STS-61-B,165.0,533.75,0,0.0,0.0
264,STS-28,STS-28,STS-28,121.0,533.75,0,0.0,0.0
265,STS-9,STS-9,STS-9,248.0,463.0,0,0.0,0.0
266,STS-35,STS-35,STS-35,215.0,463.0,0,0.0,0.0
267,STS-9,STS-9,STS-9,247.94,462.31,0,0.0,0.0
268,STS-45,STS-45,STS-45,214.37,462.31,0,0.0,0.0
269,STS-9,STS-9,STS-9,248.0,1197.6,0,0.0,0.0
270,STS-42,STS-42,STS-42,193.0,1197.6,0,0.0,0.0
271,Soyuz TM-20,Euromir 94,Soyuz TM-19,756.6,1197.6,0,0.0,0.0
272,STS-41-B,STS-41-B,STS-41-B,191.25,868.13,0,0.0,0.0
273,STS-61-C,STS-61-C,STS-61-C,146.0,868.13,0,0.0,0.0
274,STS-27,STS-27,STS-27,105.0,868.13,0,0.0,0.0
275,STS-47,STS-47,STS-47,190.5,868.13,0,0.0,0.0
276,STS-71,STS-71,STS-71,235.38,868.13,0,0.0,0.0
277,STS-41-B,STS-41-B,STS-41-B,191.0,191.0,2,12.02,12.02
278,STS-51-L,explosion,explosion,0.0,191.0,0,0.0,12.02
279,STS-41 B,STS-41 B,STS-41 B,191.5,289.2,2,11.95,11.95
280,STS-51 J,STS-51 J,STS-51 J,97.7,289.2,0,0.0,11.95
281,STS-41-B,STS-41-B,STS-41-B,191.0,312.0,2,11.95,11.95
282,STS-31,STS-31,STS-31,121.0,312.0,0,0.0,11.95
283,Soyuz T­10,Salyut 7,Soyuz T­11,5686.0,8686.82,6,22.83,31.67
284,Soyuz T­15,Mir/Salyut 7,Soyuz T­15,3000.0,8686.82,2,8.83,31.67
285,Soyuz T-10,Salyut 7,Soyuz T-11,5686.0,5686.82,0,0.0,0.0
286,Soyuz T-10,Salyut 7,Soyuz T-11,4365.8,4365.8,0,0.0,0.0
287,STS-41-C,STS-41-C,STS-41-C,168.0,168.0,0,0.0,0.0
288,STS-51-L,explosion,explosion,0.0,168.0,0,0.0,0.0
289,STS-41-C,STS-41-C,STS-41-C,167.67,167.67,0,0.0,0.0
290,STS-41 C,STS-41 C,STS-41 C,167.0,337.95,2,10.13,21.89
291,STS-51I,STS-51I,STS-51I,171.0,337.95,2,11.76,21.89
292,STS-41C,STS-41C,STS-41C,168.0,411.0,2,10.1,10.1
293,STS-61C,STS-61C,STS-61C,146.0,411.0,0,0.0,10.1
294,STS-26,STS-26,STS-26,97.0,411.0,0,0.0,10.1
295,Soyuz T­12,Salyut 7,Soyuz T­12,283.0,283.23,0,0.0,0.0
296,STS-41-D,STS-41-D,STS-41-D,145.0,464.0,0,0.0,0.0
297,STS-29,STS-29,STS-29,120.0,464.0,0,0.0,0.0
298,STS-39,STS-39,STS-39,199.0,464.0,0,0.0,0.0
299,STS-41D,STS-41D,STS-41D,145.0,356.0,0,0.0,0.0
300,STS-27,STS-27,STS-27,105.0,356.0,0,0.0,0.0
301,STS-36,STS-36,STS-36,106.0,356.0,0,0.0,0.0
302,STS-41-D,STS-41-D,STS-41-D,144.0,768.0,0,0.0,0.0
303,STS-61-C,STS-61-C,STS-61-C,146.0,768.0,0,0.0,0.0
304,STS-31,STS-31,STS-31,121.0,768.0,0,0.0,0.0
305,STS-82,STS-82,STS-82,239.0,768.0,0,0.0,0.0
306,STS-93,STS-93,STS-93,118.0,768.0,0,0.0,0.0
307,STS-41-D,STS-41-D,STS-41-D,144.0,144.0,0,0.0,0.0
308,STS-51-L,explosion,explosion,0.0,144.0,0,0.0,0.0
309,STS-41D,STS-41D,STS-41D,144.98,478.29,0,0.0,0.0
310,STS-51D,STS-51D,STS-51D,168.15,478.29,0,0.0,0.0
311,STS-61B,STS-61B,STS-61B,165.16,478.29,0,0.0,0.0
312,STS-41-G,STS-41-G,STS-41-G,197.0,197.0,0,0.0,0.0
313,STS-41-G,STS-41-G,STS-41-G,197.5,532.0,1,3.45,3.45
314,STS-31,STS-31,STS-31,121.0,532.0,0,0.0,3.45
315,STS-45,STS-45,STS-45,213.5,532.0,0,0.0,3.45
316,STS-41-G,STS-41-G,STS-41-G,197.0,532.0,1,1.0,3.5
317,STS-28,STS-28,STS-28,121.0,532.0,0,0.0,3.5
318,STS-45,STS-45,STS-45,214.0,532.0,0,0.0,3.5
319,STS-41-G,STS-41-G,STS-41-G,197.67,197.67,0,0.0,0.0
320,STS-41-G,STS-41-G,STS-41-G,197.0,697.67,0,0.0,0.0
321,STS-77,STS-77,STS-77,240.67,697.67,0,0.0,0.0
322,STS-97,STS-97,STS-97,260.0,697.67,0,0.0,0.0
323,STS-51-A,STS-51-A,STS-51-A,191.0,724.45,0,0.0,0.0
324,STS-30,STS-30,STS-30,96.0,724.45,0,0.0,0.0
325,STS-53,STS-53,STS-53,175.0,724.45,0,0.0,0.0
326,STS-69,STS-69,STS-69,44.0,724.45,0,0.0,0.0
327,STS-51-A,STS-51-A,STS-51-A,191.0,191.0,0,0.0,0.0
328,STS-51-C,STS-51-C,STS-51-C,73.5,386.0,0,0.0,0.0
329,STS-31,STS-31,STS-31,121.0,386.0,0,0.0,0.0
330,STS-46,STS-46,STS-46,191.0,386.0,0,0.0,0.0
331,STS 51-C,STS 51-C,STS 51-C,74.0,74.0,0,0.0,0.0
332,STS 51-L,explosion,explosion,0.0,74.0,0,0.0,0.0
333,STS-51-C,STS-51-C,STS-51-C,73.5,490.0,0,0.0,0.0
334,STS-61-A,STS-61-A,STS-61-A,168.0,490.0,0,0.0,0.0
335,STS-29,STS-29,STS-29,120.0,490.0,0,0.0,0.0
336,STS-48,STS-48,STS-48,128.5,490.0,0,0.0,0.0
337,STS-51C,STS-51C,STS-51C,73.675,73.675,0,0.0,0.0
338,STS-51-D,STS-51-D,STS-51-D,167.0,286.0,0,0.0,0.0
339,STS-34,STS-34,STS-34,119.0,286.0,0,0.0,0.0
340,STS-51-D,STS-51-D,STS-51-D,168.0,722.0,0,0.0,0.0
341,STS-40,STS-40,STS-40,218.0,722.0,0,0.0,0.0
342,STS-58,STS-58,STS-58,336.0,722.0,0,0.0,0.0
343,STS-51-D,STS-51-D,STS-51-D,168.0,168.0,1,3.17,3.17
344,STS-51-D,STS-51-D,STS-51-D,167.0,1211.9,1,3.17,25.2
345,STS-35,STS-35,STS-35,215.0,1211.9,0,0.0,25.2
346,STS-46,STS-46,STS-46,191.0,1211.9,0,0.0,25.2
347,STS-61,STS-61,STS-61,259.0,1211.9,3,22.03,25.2
348,STS-75,STS-75,STS-75,377.0,1211.9,0,0.0,25.2
349,STS-51D,STS-51D,STS-51D,168.15,168.15,0,0.0,0.0
350,STS-51-B,STS-51-B,STS-51-B,168.0,455.0,0,0.0,0.0
351,STS-33,STS-33,STS-33,120.0,455.0,0,0.0,0.0
352,STS-44,STS-44,STS-44,166.0,455.0,0,0.0,0.0
353,STS-51-B,STS-51-B,STS-51-B,168.0,168.0,0,0.0,0.0
354,STS-51-B,STS-51-B,STS-51-B,168.525,168.525,0,0.0,0.0
355,STS-51B,STS-51B,STS-51B,168.525,168.525,0,0.0,0.0
356,STS-51-G,STS-51-G,STS-51-G,170.0,404.0,0,0.0,0.0
357,STS-36,STS-36,STS-36,106.0,404.0,0,0.0,0.0
358,STS-48,STS-48,STS-48,128.0,404.0,0,0.0,0.0
359,STS-51G,STS-51G,STS-51G,170.0,522.0,0,0.0,0.0
360,STS-61A,STS-61A,STS-61A,169.0,522.0,0,0.0,0.0
361,STS-37,STS-37,STS-37,143.0,522.0,0,0.0,0.0
362,STS-55,STS-55,STS-55,240.0,522.0,0,0.0,0.0
363,STS-51-G,STS-51-G,STS-51-G,169.0,5353.0,0,0.0,0.0
364,STS-34,STS-34,STS-34,119.0,5353.0,0,0.0,0.0
365,STS-43,STS-43,STS-43,213.0,5353.0,0,0.0,0.0
366,STS-58,STS-58,STS-58,336.0,5353.0,0,0.0,0.0
367,STS-79,Mir,STS-76,4516.0,5353.0,0,0.0,0.0
368,STS-51G,STS-51G,STS-51G,169.63,169.63,0,0.0,0.0
369,STS-51G,STS-51G,STS-51G,170.0,170.0,0,0.0,0.0
370,STS-51-F,STS-51-F,STS-51-F,190.0,190.0,0,0.0,0.0
371,STS-51-F,STS-51-F,STS-51-F,190.0,190.75,0,0.0,0.0
372,STS-51-F,STS-51-F,STS-51-F,190.0,190.0,0,0.0,0.0
373,STS-51-F,STS-51-F,STS-51-F,190.94,190.94,0,0.0,0.0
374,STS-51-F,STS-51-F,STS-51-F,190.94,190.94,0,0.0,0.0
375,STS-51-I,STS-51-I,STS-51-I,170.0,645.0,0,0.0,0.0
376,STS-26,STS-26,STS-26,97.0,645.0,0,0.0,0.0
377,STS-38,STS-38,STS-38,118.0,645.0,0,0.0,0.0
378,STS-61,STS-61,STS-61,260.0,645.0,0,0.0,0.0
379,STS-51-I,STS-51-I,STS-51-I,170.0,482.0,0,0.0,0.0
380,STS-26,STS-26,STS-26,97.0,482.0,0,0.0,0.0
381,STS-35,STS-35,STS-35,215.0,482.0,0,0.0,0.0
382,STS-51-I,STS-51-I,STS-51-I,170.0,170.0,2,11.76,11.76
383,Soyuz T­14,Salyut 7,Soyuz T­14,1557.0,1557.87,0,0.0,0.0
384,Soyuz T­14,Salyut 7,Soyuz T­14,1557.0,9395.87,0,0.0,10.2
385,Soyuz TM­7,Mir,Soyuz TM­7,3635.0,9395.87,1,6.0,10.2
386,Soyuz TM­13,Mir,Soyuz TM­13,4202.0,9395.87,1,4.2,10.2
387,STS-51-J,STS-51-J,STS-51-J,97.73,626.73,0,0.0,0.0
388,STS-30,STS-30,STS-30,97.0,626.73,0,0.0,0.0
389,STS-42,STS-42,STS-42,193.0,626.73,0,0.0,0.0
390,STS-57,STS-57,STS-57,239.0,626.73,0,0.0,0.0
391,STS-51-J,STS-51-J,STS-51-J,97.0,493.0,0,0.0,0.0
392,STS-26,STS-26,STS-26,97.0,493.0,0,0.0,0.0
393,STS-36,STS-36,STS-36,106.0,493.0,0,0.0,0.0
394,STS-42,STS-42,STS-42,193.0,493.0,0,0.0,0.0
395,STS-51-J,STS-51-J,STS-51-J,98.11,98.11,0,0.0,0.0
396,STS-61-A,STS-61-A,STS-61-A,168.0,1208.0,0,0.0,0.0
397,STS-32,STS-32,STS-32,261.0,1208.0,0,0.0,0.0
398,STS-50,STS-50,STS-50,331.0,1208.0,0,0.0,0.0
399,STS-71,STS-71,STS-71,235.0,1208.0,0,0.0,0.0
400,STS-89,STS-89,STS-89,211.0,1208.0,0,0.0,0.0
401,STS-61A,STS-61A,STS-61A,168.73,168.73,0,0.0,0.0
402,STS-61A,STS-61A,STS-61A,168.73,168.73,0,0.0,0.0
403,STS-61-A,STS-61-A,STS-61-A,168.73,168.73,0,0.0,0.0
404,STS-61B Atlantis,STS-61B Atlantis,STS-61B Atlantis,165.0,386.0,0,0.0,0.0
405,STS-40 Columbia,STS-40 Columbia,STS-40 Columbia,218.0,386.0,0,0.0,0.0
406,STS-61,STS-61,STS-61,165.0,1393.0,2,12.2,58.53
407,STS-27,STS-27,STS-27,105.0,1393.0,0,0.0,58.53
408,STS-37,STS-37,STS-37,143.0,1393.0,2,10.58,58.53
409,STS-55,STS-55,STS-55,239.0,1393.0,0,0.0,58.53
410,STS-74,STS-74,STS-74,129.0,1393.0,1,7.24999999999999,58.53
411,STS-88,STS-88,STS-88,283.0,1393.0,2,14.38,58.53
412,STS-110,STS-110,STS-110,259.0,1393.0,2,14.12,58.53
413,STS-30,STS-30,STS-30,97.0,262.0,0,0.0,0.0
414,STS-61-B,STS-61-B,STS-61-B,165.0,262.0,0,0.0,0.0
415,STS-61-B,STS-61-B,STS-61-B,165.0,165.0,2,12.17,12.17
416,STS-61-B,STS-61-B,STS-61-B,165.07,165.67,0,0.0,0.0
417,STS-61-C,STS-61-C,STS-61-C,74.0,680.0,0,0.0,0.0
418,STS-31,STS-31,STS-31,121.0,680.0,0,0.0,0.0
419,STS-45,STS-45,STS-45,214.0,680.0,0,0.0,0.0
420,STS-60,STS-60,STS-60,199.0,680.0,0,0.0,0.0
421,STS-61-C,STS-61-C,STS-61-C,146.0,1601.0,0,0.0,19.52
422,STS-34,STS-34,STS-34,120.0,1601.0,0,0.0,19.52
423,STS-46,STS-46,STS-46,191.0,1601.0,0,0.0,19.52
424,STS-60,STS-60,STS-60,199.0,1601.0,0,0.0,19.52
425,STS-75,STS-75,STS-75,377.0,1601.0,0,0.0,19.52
426,STS-91,STS-91,STS-91,236.0,1601.0,0,0.0,19.52
427,STS-111,STS-111,STS-111,333.0,1601.0,3,19.52,19.52
428,STS-61C,STS-61C,STS-61C,146.42,146.42,0,0.0,0.0
429,STS-61C,STS-61C,STS-61C,6.03,6.03,0,0.0,0.0
430,STS-51L,explosion,explosion,0.61,0.61,0,0.0,0.0
431,STS-51L,explosion,explosion,0.61,0.61,0,0.0,0.0
432,STS-51L,explosion,explosion,0.61,0.61,0,0.0,0.0
433,Soyuz TM­2,Mir,Soyuz TM­2,4179.0,4179.42,3,8.8,8.8
434,Soyuz TM­3,Mir EP,Soyuz TM­2,191.0,11737.55,0,0.0,19.65
435,Soyuz TM­8,Mir,Soyuz TM­8,3990.0,11737.55,5,17.6,19.65
436,Soyuz TM­14,Mir,Soyuz TM­14,3494.0,11737.55,1,2.05,19.65
437,Soyuz TM­20,Mir,Soyuz TM­20,4061.0,11737.55,0,0.0,19.65
438,Soyuz TM-3,Mir EP,Soyuz TM-2,191.0,191.0,0,0.0,0.0
439,Soyuz TM­4,Mir,Soyuz TM­6,8782.0,12984.47,3,13.78,34.38
440,Soyuz TM­11,Mir,Soyuz TM­11,4201.0,12984.47,4,20.75,34.38
441,Soyuz TM­4,Soyuz TM­4,Soyuz TM­3,189.0,189.97,0,0.0,0.0
442,Soyuz TM­5,Mir EP,Soyuz TM­4,236.0,15624.03,0,0.0,78.8
443,Soyuz TM­9,Mir,Soyuz TM­9,4297.0,15624.03,2,10.78,78.8
444,Soyuz TM­15,Mir,Soyuz TM­15,4533.0,15624.03,4,18.35,78.8
445,STS­71,Mir,Soyuz TM­21,1811.0,15624.03,3,14.53,78.8
446,Soyuz TM­26,Mir,Soyuz TM­26,4745.0,15624.03,7,89.13,78.8
447,Soyuz TM-5,Mir EP,Soyuz TM-4,47.0,47.0,0,0.0,0.0
448,Soyuz TM­6,Mir,Soyuz TM­7,5782.0,16288.53,0,0.0,0.0
449,Soyuz TM­18,Mir,Soyuz TM­20,10505.0,16288.53,0,0.0,0.0
450,Soyuz TM-6,Mir EP,Soyuz TM-5,212.0,212.0,0,0.0,0.0
451,Soyuz TM­7,Mir,Soyuz TM­7,3635.0,19281.65,0,0.0,41.43
452,Soyuz TM­12,Mir,Soyuz TM­13,7484.0,19281.65,7,34.48,41.43
453,STS­60,STS­60,STS­60,199.0,19281.65,0,0.0,41.43
454,STS­88,STS­88,STS­88,283.0,19281.65,0,0.0,41.43
455,Soyuz TM­31,ISS,STS­102,3383.0,19281.65,0,0.0,41.43
456,Soyuz TMA­6,ISS,Soyuz TMA­6,4296.0,19281.65,1,4.95,41.43
457,STS-27,STS-27,STS-27,105.0,320.16,0,0.0,0.0
458,STS-35,STS-35,STS-35,215.0,320.16,0,0.0,0.0
459,STS-27,STS-27,STS-27,105.0,3721.0,0,0.0,0.0
460,STS-41,STS-41,STS-41,98.0,3721.0,0,0.0,0.0
461,STS-52,STS-52,STS-52,237.0,3721.0,0,0.0,0.0
462,soyuz TM-31,ISS,STS-102,3281.0,3721.0,0,0.0,0.0
463,STS-29,STS-29,STS-29,120.0,3864.0,0,0.0,0.0
464,STS-33,STS-33,STS-33,120.0,3864.0,0,0.0,0.0
465,STS-43,STS-43,STS-43,213.0,3864.0,0,0.0,0.0
466,STS-58,STS-58,STS-58,336.0,3864.0,0,0.0,0.0
467,STS-79,Mir,STS-81,3077.0,3864.0,0,0.0,0.0
468,STS-29,STS-29,STS-29,119.0,237.0,0,0.0,0.0
469,STS-38,STS-38,STS-38,118.0,237.0,0,0.0,0.0
470,STS-29,STS-29,STS-29,120.0,338.0,0,0.0,0.0
471,STS-40,STS-40,STS-40,218.0,338.0,0,0.0,0.0
472,STS-30,STS-30,STS-30,97.0,789.76,0,0.0,26.02
473,STS-47,STS-47,STS-47,190.0,789.76,0,0.0,26.02
474,STS-64,STS-64,STS-64,262.0,789.76,1,6.85,26.02
475,STS-82,STS-82,STS-82,239.0,789.76,3,19.17,26.02
476,STS-28,STS-28,STS-28,120.0,813.0,0,0.0,0.0
477,STS-41,STS-41,STS-41,96.0,813.0,0,0.0,0.0
478,STS-50,STS-50,STS-50,336.0,813.0,0,0.0,0.0
479,STS-64,STS-64,STS-64,242.0,813.0,0,0.0,0.0
480,STS-28,STS-28,STS-28,121.0,334.0,0,0.0,0.0
481,STS-43,STS-43,STS-43,213.0,334.0,0,0.0,0.0
482,STS-28,STS-28,STS-28,121.0,249.0,0,0.0,0.0
483,STS-48,STS-48,STS-48,128.0,249.0,0,0.0,0.0
484,STS-34,STS-34,STS-34,119.0,119.0,0,0.0,0.0
485,STS-34,STS-34,STS-34,120.0,686.0,0,0.0,0.0
486,STS-50,STS-50,STS-50,331.0,686.0,0,0.0,0.0
487,STS-71,STS-71,STS-71,235.0,686.0,0,0.0,0.0
488,STS-33,STS-33,STS-33,120.0,120.0,0,0.0,0.0
489,STS-33,STS-33,STS-33,120.0,975.23,0,0.0,21.18
490,STS-49,STS-49,STS-49,213.0,975.23,1,7.75,21.18
491,STS-61,STS-61,STS-61,264.0,975.23,2,13.43,21.18
492,STS-73,STS-73,STS-73,360.0,975.23,0,0.0,21.18
493,STS-32,STS-32,STS-32,261.0,1594.38,0,0.0,0.0
494,STS-52,STS-52,STS-52,236.0,1594.38,0,0.0,0.0
495,STS-63,STS-63,STS-63,198.0,1594.38,0,0.0,0.0
496,STS-86,STS-86,STS-86,259.0,1594.38,0,0.0,0.0
497,STS-102,STS-102,STS-102,307.0,1594.38,0,0.0,0.0
498,STS-113,STS-113,STS-113,330.0,1594.38,0,0.0,0.0
499,STS-32,STS-32,STS-32,261.0,1341.8,0,0.0,0.0
500,STS-46,STS-46,STS-46,191.0,1341.8,0,0.0,0.0
501,STS-62,STS-62,STS-62,335.0,1341.8,0,0.0,0.0
502,STS-81,STS-81,STS-81,244.0,1341.8,0,0.0,0.0
503,STS-98,STS-98,STS-98,309.0,1341.8,0,0.0,0.0
504,STS-32,STS-32,STS-32,261.0,713.0,0,0.0,5.83
505,STS-43,STS-43,STS-43,213.0,713.0,0,0.0,5.83
506,STS-57,STS-57,STS-57,239.0,713.0,1,5.83,5.83
507,Soyuz TM­9,Mir,Soyuz TM­9,4297.0,4297.28,2,10.78,10.78
508,STS-36,STS-36,STS-36,106.0,825.0,0,0.0,0.0
509,STS-54,STS-54,STS-54,143.0,825.0,0,0.0,0.0
510,STS-62,STS-62,STS-62,335.0,825.0,0,0.0,0.0
511,STS-77,STS-77,STS-77,241.0,825.0,0,0.0,0.0
512,STS-36,STS-36,STS-36,106.0,654.85,0,0.0,17.7
513,STS-49,STS-49,STS-49,213.0,654.85,3,17.7,17.7
514,STS-62,STS-62,STS-62,335.0,654.85,0,0.0,17.7
515,Soyuz TM­10,Mir,Soyuz TM­10,3140.0,7437.3,1,2.75,12.72
516,Soyuz TM­16,Mir,Soyuz TM­16,4296.0,7437.3,2,9.97,12.72
517,STS-41,STS-41,STS-41,98.0,910.0,0,0.0,0.0
518,STS-53,STS-53,STS-53,175.0,910.0,0,0.0,0.0
519,STS-65,STS-65,STS-65,354.0,910.0,0,0.0,0.0
520,STS-88,STS-88,STS-88,283.0,910.0,0,0.0,0.0
521,STS-41,STS-41,STS-41,98.0,311.0,0,0.0,0.0
522,STS-49,STS-49,STS-49,213.0,311.0,0,0.0,0.0
523,STS-41,STS-41,STS-41,98.0,814.0,0,0.0,30.15
524,STS-49,STS-49,STS-49,213.0,814.0,2,16.72,30.15
525,STS-61,STS-61,STS-61,260.0,814.0,2,13.43,30.15
526,STS-79,STS-79,STS-79,243.0,814.0,0,0.0,30.15
527,STS-38,STS-38,STS-38,118.0,3447.0,0,0.0,5.07
528,STS-51,STS-51,STS-51,236.0,3447.0,0,0.0,5.07
529,STS-105,ISS,STS-108,3093.0,3447.0,1,5.07,5.07
530,STS-38,STS-38,STS-38,117.0,710.0,0,0.0,6.85
531,STS-50,STS-50,STS-50,331.0,710.0,0,0.0,6.85
532,STS-64,STS-64,STS-64,262.0,710.0,3,6.85,6.85
533,STS-38,STS-38,STS-38,118.0,581.5,0,0.0,0.0
534,STS-48,STS-48,STS-48,128.5,581.5,0,0.0,0.0
535,STS-62,STS-62,STS-62,335.0,581.5,0,0.0,0.0
536,STS-35,STS-35,STS-35,215.15,614.69,0,0.0,0.0
537,STS-67,STS-67,STS-67,399.54,614.69,0,0.0,0.0
538,STS-35,STS-35,STS-35,215.15,614.69,0,0.0,0.0
539,STS-67,STS-67,STS-67,399.54,614.69,0,0.0,0.0
540,Soyuz TM­11,Mir,Soyuz TM­11,4201.0,13338.55,4,20.75,38.05
541,Soyuz TM­18,Mir,Soyuz TM­18,4368.0,13338.55,0,0.0,38.05
542,Soyuz TM­29,Mir,Soyuz TM­29,4532.0,13338.55,3,17.47,38.05
543,Soyuz TM­33,Soyuz TM­33,Soyuz TM­32,236.208,13338.55,0,0.0,38.05
544,Soyuz TM-11,Soyuz TM-11,Soyuz TM-10,189.9,189.9,0,0.0,0.0
545,STS-37,STS-37,STS-37,143.0,561.0,0,0.0,0.0
546,STS-56,STS-56,STS-56,222.0,561.0,0,0.0,0.0
547,STS-74,STS-74,STS-74,196.0,561.0,0,0.0,0.0
548,STS-37,STS-37,STS-37,143.5,917.99,0,0.0,10.23
549,STS-59,STS-59,STS-59,269.82,917.99,0,0.0,10.23
550,STS-76,STS-76,STS-76,221.67,917.99,1,6.03,10.23
551,STS-108,STS-108,STS-108,283.0,917.99,1,4.2,10.23
552,STS-37,STS-37,STS-37,143.5,847.0,2,10.82,10.82
553,STS-47,STS-47,STS-47,190.5,847.0,0,0.0,10.82
554,STS-59,STS-59,STS-59,270.0,847.0,0,0.0,10.82
555,STS-79,STS-79,STS-79,243.0,847.0,0,0.0,10.82
556,STS-39,STS-39,STS-39,199.0,461.0,0,0.0,0.0
557,STS-64,STS-64,STS-64,262.0,461.0,0,0.0,0.0
558,STS-39,STS-39,STS-39,199.0,816.0,0,0.0,18.49
559,STS-54,STS-54,STS-54,143.0,816.0,1,4.47,18.49
560,STS-71,STS-71,STS-71,235.0,816.0,0,0.0,18.49
561,STS-82,STS-82,STS-82,239.0,816.0,2,14.02,18.49
562,STS-39,STS-39,STS-39,199.0,604.0,0,0.0,0.0
563,STS-54,STS-54,STS-54,143.0,604.0,0,0.0,0.0
564,STS-66,STS-66,STS-66,262.0,604.0,0,0.0,0.0
565,STS-39,STS-39,STS-39,192.0,436.3,0,0.0,0.0
566,STS-52,STS-52,STS-52,240.0,436.3,0,0.0,0.0
567,STS-39,STS-39,STS-39,199.0,765.0,0,0.0,17.7
568,STS-49,STS-49,STS-49,213.0,765.0,3,17.7,17.7
569,STS-65,STS-65,STS-65,353.0,765.0,0,0.0,17.7
570,Soyuz TM­12,Mir,Soyuz TM­12,3471.0,3471.35,6,32.28,32.28
571,Soyuz TM-12,Soyuz TM-12,Soyuz TM-11,189.22,189.22,0,0.0,0.0
572,STS-40,STS-40,STS-40,218.0,487.0,0,0.0,0.0
573,STS-59,STS-59,STS-59,269.0,487.0,0,0.0,0.0
574,STS-40,STS-40,STS-40,218.0,1511.0,0,0.0,7.92
575,STS-52,STS-52,STS-52,236.0,1511.0,0,0.0,7.92
576,STS-67,STS-67,STS-67,399.0,1511.0,0,0.0,7.92
577,STS-80,STS-80,STS-80,423.0,1511.0,0,0.0,7.92
578,STS-96,STS-96,STS-96,235.0,1511.0,1,7.92,7.92
579,STS-40,STS-40,STS-40,218.0,218.0,0,0.0,0.0
580,STS-40,STS-40,STS-40,218.37,218.37,0,0.0,0.0
581,STS-43,STS-43,STS-43,213.0,965.0,0,0.0,0.0
582,STS-52,STS-52,STS-52,237.0,965.0,0,0.0,0.0
583,STS-68,STS-68,STS-68,270.0,965.0,0,0.0,0.0
584,STS-81,STS-81,STS-81,245.0,965.0,0,0.0,0.0
585,STS-48,STS-48,STS-48,120.0,312.0,0,0.0,0.0
586,STS-60,STS-60,STS-60,192.0,312.0,0,0.0,0.0
587,Soyuz TM­13,Mir,Soyuz TM­12,190.0,190.2,0,0.0,0.0
588,Soyuz TM13,Soyuz TM13,Soyuz TM12,190.2,190.2,0,0.0,0.0
589,STS-44,STS-44,STS-44,166.0,190.75,0,0.0,0.0
590,STS-55,STS-55,STS-55,239.0,190.75,0,0.0,0.0
591,STS-70,STS-70,STS-70,214.0,190.75,0,0.0,0.0
592,STS-78,STS-78,STS-78,405.0,190.75,0,0.0,0.0
593,STS-44,STS-44,STS-44,166.0,1000.0,0,0.0,23.08
594,STS-53,STS-53,STS-53,175.0,1000.0,0,0.0,23.08
595,STS-69,STS-69,STS-69,260.0,1000.0,1,6.77,23.08
596,STS-101,STS-101,STS-101,236.0,1000.0,1,6.73,23.08
597,STS-102,ISS,STS-105,163.0,1000.0,2,9.58,23.08
598,STS-44,STS-44,STS-44,166.0,549.0,0,0.0,4.47
599,STS-54,STS-54,STS-54,143.0,549.0,1,4.47,4.47
600,STS-77,STS-77,STS-77,240.0,549.0,0,0.0,4.47
601,STS-44,STS-44,STS-44,167.11,167.11,0,0.0,0.0
602,STS-42,STS-42,STS-42,193.0,814.0,0,0.0,0.0
603,STS-67,STS-67,STS-67,222.0,814.0,0,0.0,0.0
604,STS-42,STS-42,STS-42,399.0,814.0,0,0.0,0.0
605,STS-42,STS-42,STS-42,193.0,672.0,0,0.0,0.0
606,STS-51,STS-51,STS-51,236.0,672.0,0,0.0,0.0
607,STS-79,STS-79,STS-79,243.0,672.0,0,0.0,0.0
608,STS-42,STS-42,STS-42,193.77,193.77,0,0.0,0.0
609,Soyuz TM­14,Mir,Soyuz TM­14,3494.0,18462.62,1,2.05,23.58
610,Soyuz TM­24,Mir,Soyuz TM­24,4721.0,18462.62,2,12.6,23.58
611,Soyuz TM­30,Mir,Soyuz TM­30,1747.0,18462.62,1,5.05,23.58
612,Soyuz TMA­3,ISS,Soyuz TMA­3,4674.0,18462.62,1,3.92,23.58
613,Soyuz TMA­01M,ISS,Soyuz TMA­01M,3824.0,18462.62,0,0.0,23.58
614,Soyuz TM-14,Soyuz TM-14,Soyuz TM-13,189.95,189.95,0,0.0,0.0
615,STS-45,STS-45,STS-45,214.0,976.0,0,0.0,0.0
616,STS-57,STS-57,STS-57,240.0,976.0,0,0.0,0.0
617,STS-72,STS-72,STS-72,214.0,976.0,0,0.0,0.0
618,STS-92,STS-92,STS-92,310.0,976.0,0,0.0,0.0
619,STS-45,STS-45,STS-45,214.0,8976.0,0,0.0,22.73
620,STS-56,STS-56,STS-56,222.0,8976.0,0,0.0,22.73
621,STS-63,STS-63,STS-63,198.5,8976.0,1,4.65,22.73
622,STS-84,Mir,STS-86,3470.0,8976.0,1,7.0,22.73
623,STS-103,STS-103,STS-103,191.0,8976.0,1,8.17,22.73
624,Soyuz TMA-3,ISS,Soyuz TMA-3,4674.5,8976.0,1,3.92,22.73
625,STS-45,STS-45,STS-45,214.15,214.15,0,0.0,0.0
626,STS-49,STS-49,STS-49,213.0,704.0,0,0.0,0.0
627,STS-59,STS-59,STS-59,270.0,704.0,0,0.0,0.0
628,STS-76,STS-76,STS-76,221.0,704.0,0,0.0,0.0
629,STS-50,STS-50,STS-50,331.0,5304.0,0,0.0,13.28
630,STS-61,STS-61,STS-61,260.0,5304.0,0,0.0,13.28
631,STS-73,STS-73,STS-73,382.0,5304.0,0,0.0,13.28
632,STS-82,STS-82,STS-82,239.0,5304.0,0,0.0,13.28
633,STS-113,ISS,Soyuz TMA-1,3865.0,5304.0,2,13.28,13.28
634,STS-50,STS-50,STS-50,331.53,331.53,0,0.0,0.0
635,STS-50,STS-50,STS-50,331.53,331.53,0,0.0,0.0
636,Soyuz TM­15,Mir,Soyuz TM­15,4533.0,17942.23,4,18.35,41.0
637,Soyuz TM­22,Mir,Soyuz TM­22,4297.0,17942.23,1,5.27,41.0
638,Soyuz TM28,Mir,Soyuz TM29,9110.0,17942.23,3,17.38,41.0
639,Soyuz TM-15,Soyuz TM-15,Soyuz TM-14,331.0,449.77,0,0.0,0.0
640,STS-93,STS-93,STS-93,118.8,449.77,0,0.0,0.0
641,STS-46,STS-46,STS-46,191.0,904.0,0,0.0,0.0
642,STS-62,STS-62,STS-62,335.0,904.0,0,0.0,0.0
643,STS-75,STS-75,STS-75,378.0,904.0,0,0.0,0.0
644,STS-46,STS-46,STS-46,191.25,1184.07,0,0.0,8.16
645,STS-61-A,STS-61-A,STS-61-A,259.97,1184.07,0,0.0,8.16
646,STS-75,STS-75,STS-75,541.67,1184.07,0,0.0,8.16
647,STS-103,STS-103,STS-103,191.18,1184.07,1,8.16,8.16
648,STS-46,STS-46,STS-46,191.25,191.25,0,0.0,0.0
649,STS-47,STS-47,STS-47,190.5,1381.0,0,0.0,0.0
650,STS-66,STS-66,STS-66,262.5,1381.0,0,0.0,0.0
651,STS-77,STS-77,STS-77,240.5,1381.0,0,0.0,0.0
652,STS-85,STS-85,STS-85,284.5,1381.0,0,0.0,0.0
653,STS-95,STS-95,STS-95,213.5,1381.0,0,0.0,0.0
654,STS-103,STS-103,STS-103,191.0,1381.0,0,0.0,0.0
655,STS-47,STS-47,STS-47,190.5,673.0,0,0.0,0.0
656,STS-60,STS-60,STS-60,199.0,673.0,0,0.0,0.0
657,STS-85,STS-85,STS-85,284.0,673.0,0,0.0,0.0
658,STS-47,STS-47,STS-47,190.5,190.5,0,0.0,0.0
659,STS-47,STS-47,STS-47,190.5,190.5,0,0.0,0.0
660,STS-99,STS-99,STS-99,269.7,190.5,0,0.0,0.0
661,STS-52,STS-52,STS-52,236.93,520.03,0,0.0,7.18
662,STS-115,STS-115,STS-115,283.1,520.03,1,7.18,7.18
663,STS-53,STS-53,STS-53,175.0,666.0,0,0.0,6.03
664,STS-59,STS-59,STS-59,270.0,666.0,0,0.0,6.03
665,STS-76,STS-76,STS-76,221.0,666.0,1,6.03,6.03
666,STS-54,STS-54,STS-54,143.0,5054.0,0,0.0,8.93
667,STS-64,STS-64,STS-64,262.0,5054.0,0,0.0,8.93
668,STS-78,STS-78,STS-78,405.0,5054.0,0,0.0,8.93
669,STS-101,STS-101,STS-101,237.0,5054.0,0,0.0,8.93
670,STS-102,ISS,STS-105,4007.0,5054.0,1,8.93,8.93
671,Soyuz TM­16,Mir,Soyuz TM­16,4296.0,4296.72,2,9.97,9.97
672,STS-56,STS-56,STS-56,222.0,1560.0,0,0.0,0.0
673,STS-69,STS-69,STS-69,260.5,1560.0,0,0.0,0.0
674,STS-80,STS-80,STS-80,424.0,1560.0,0,0.0,0.0
675,STS-98,STS-98,STS-98,309.0,1560.0,0,0.0,0.0
676,STS-111,STS-111,STS-111,333.0,1560.0,0,0.0,0.0
677,STS-56,STS-56,STS-56,222.0,978.0,0,0.0,0.0
678,STS-66,STS-66,STS-66,263.0,978.0,0,0.0,0.0
679,STS-96,STS-96,STS-96,235.0,978.0,0,0.0,0.0
680,STS-110,STS-110,STS-110,260.0,978.0,0,0.0,0.0
681,STS-55,STS-55,STS-55,240.0,932.0,0,0.0,0.0
682,STS-71,STS-71,STS-71,235.0,932.0,0,0.0,0.0
683,STS-84,STS-84,STS-84,221.0,932.0,0,0.0,0.0
684,STS-91,STS-91,STS-91,235.0,932.0,0,0.0,0.0
685,STS-55,STS-55,STS-55,239.0,437.0,1,4.65,4.65
686,STS-63,STS-63,STS-63,198.0,437.0,0,0.0,4.65
687,STS-55,STS-55,STS-55,239.67,239.67,0,0.0,0.0
688,STS-55,STS-55,STS-55,240.0,546.0,0,0.0,6.75
689,STS-122,STS-122,STS-122,306.0,546.0,1,6.75,6.75
690,STS-57,STS-57,STS-57,240.0,999.0,0,0.0,0.0
691,STS-70,STS-70,STS-70,214.0,999.0,0,0.0,0.0
692,STS-88,STS-88,STS-88,283.0,999.0,0,0.0,0.0
693,STS-109,STS-109,STS-109,262.0,999.0,0,0.0,0.0
694,STS-57,STS-57,STS-57,239.0,1064.15,1,5.83,19.88
695,STS-68,STS-68,STS-68,269.0,1064.15,0,0.0,19.88
696,STS-81,STS-81,STS-81,240.0,1064.15,0,0.0,19.88
697,STS-92,STS-92,STS-92,309.0,1064.15,2,14.05,19.88
698,STS-57,STS-57,STS-57,239.73,1199.81,0,0.0,0.0
699,STS-63,STS-63,STS-63,198.47,1199.81,0,0.0,0.0
700,STS-83,STS-83,STS-83,95.21,1199.81,0,0.0,0.0
701,STS-94,STS-94,STS-94,396.8,1199.81,0,0.0,0.0
702,STS-99,STS-99,STS-99,269.6,1199.81,0,0.0,0.0
703,Soyuz TM­17,Mir,Soyuz TM­17,4721.0,9159.87,5,14.22,19.18
704,Soyuz TM­25,Mir,Soyuz TM­25,4438.0,9159.87,1,5.22,19.18
705,Soyuz TM-17,Soyuz TM-17,Soyuz TM-16,496.0,5028.0,1,6.32,6.32
706,Soyuz TM-29,Mir,Soyuz TM-29,4532.0,5028.0,0,0.0,6.32
707,STS-51,STS-51,STS-51,236.0,1032.0,1,7.08,43.03
708,STS-69,STS-69,STS-69,260.0,1032.0,0,0.0,43.03
709,STS-88,STS-88,STS-88,283.0,1032.0,3,21.38,43.03
710,STS-109,STS-109,STS-109,262.0,1032.0,2,14.57,43.03
711,STS-51,STS-51,STS-51,236.0,5448.0,0,0.0,11.77
712,STS-68,STS-68,STS-68,169.0,5448.0,0,0.0,11.77
713,STS-77,STS-77,STS-77,241.0,5448.0,0,0.0,11.77
714,STS-108,ISS,STS-111,4802.0,5448.0,2,11.77,11.77
715,STS-51,STS-51,STS-51,236.18,5533.06,1,7.08,18.91
716,STS-65,STS-65,STS-65,360.0,5533.06,0,0.0,18.91
717,STS-79,STS-79,STS-79,243.0,5533.06,0,0.0,18.91
718,STS-108,ISS,STS-111,4704.0,5533.06,2,11.83,18.91
719,STS-58,STS-58,STS-58,338.0,938.0,0,0.0,0.0
720,STS-76,STS-76,STS-76,216.0,938.0,0,0.0,0.0
721,STS-90,STS-90,STS-90,384.0,938.0,0,0.0,0.0
722,STS-58,STS-58,STS-58,336.0,5396.0,0,0.0,24.35
723,STS-74,STS-74,STS-74,196.0,5396.0,0,0.0,24.35
724,STS-92,STS-92,STS-92,309.0,5396.0,2,13.27,24.35
725,Soyuz TMA-7,ISS,Soyuz TMA-7,4555.0,5396.0,2,11.08,24.35
726,STS-58,STS-58,STS-58,336.0,4040.95,0,0.0,41.95
727,STS-86,Mir,STS-89,3072.0,4040.95,1,3.87,41.95
728,STS-112,STS-112,STS-112,259.0,4040.95,3,19.68,41.95
729,STS-127,STS-127,STS-127,376.0,4040.95,3,18.4,41.95
730,STS-58,STS-58,STS-58,336.47,336.47,0,0.0,0.0
731,Soyuz TM-18,Mir,Soyuz TM-18,4368.45,13270.42,0,0.0,31.15
732,Soyuz TM-23,Mir,Soyuz TM-23,4651.12,13270.42,6,30.5,31.15
733,STS 101,Spacehub,STS 101,236.17,13270.42,0,0.0,31.15
734,STS 102,ISS,STS 102,4014.68,13270.42,1,0.65,31.15
735,STS-60,STS-60,STS-60,199.0,420.0,0,0.0,0.0
736,STS-76,STS-76,STS-76,221.0,420.0,0,0.0,0.0
737,STS-59,STS-59,STS-59,269.0,1272.82,0,0.0,19.82
738,STS-68,STS-68,STS-68,269.0,1272.82,0,0.0,19.82
739,STS-80,STS-80,STS-80,423.0,1272.82,0,0.0,19.82
740,STS-98,STS-98,STS-98,309.0,1272.82,3,19.82,19.82
741,Soyuz TM­19,Mir,Soyuz TM­19,3022.0,16872.47,2,11.12,34.83
742,STS­106,STS­106,STS­106,283.0,16872.47,1,6.23,34.83
743,Soyuz TMA­2,ISS,Soyuz TMA­2,4438.0,16872.47,0,0.0,34.83
744,Soyuz TMA­11,ISS,Soyuz TMA­11,4603.0,16872.47,1,6.92,34.83
745,Soyuz TMA­05M,ISS,Soyuz TMA­05M,3047.0,16872.47,1,5.85,34.83
746,Soyuz TMA­19M,ISS,in space,1477.0,16872.47,1,4.72,34.83
747,Soyuz TM­19,Mir,Soyuz TM­19,3002.0,8193.8,2,11.12,42.6
748,Soyuz TM­27,Mir,Soyuz TM­27,4980.0,8193.8,6,31.48,42.6
749,Soyuz TM­32,Soyuz TM­32,Soyuz TM­31,190.0,8193.8,0,0.0,42.6
750,STS-65,STS-65,STS-65,353.0,1257.0,0,0.0,0.0
751,STS-74,STS-74,STS-74,196.0,1257.0,0,0.0,0.0
752,STS-83,STS-83,STS-83,95.0,1257.0,0,0.0,0.0
753,STS-94,STS-94,STS-94,376.0,1257.0,0,0.0,0.0
754,STS-101,STS-101,STS-101,237.0,1257.0,0,0.0,0.0
755,STS-65,STS-65,STS-65,354.0,5503.0,0,0.0,36.09
756,STS-72,STS-72,STS-72,214.0,5503.0,2,12.85,36.09
757,STS-92,STS-92,STS-92,310.0,5503.0,2,13.27,36.09
758,Soyuz TMA-5,ISS,Soyuz TMA-5,4627.0,5503.0,2,9.97,36.09
759,STS-65,STS-65,STS-65,353.0,1038.0,0,0.0,0.0
760,STS-70,STS-70,STS-70,214.0,1038.0,0,0.0,0.0
761,STS-83,STS-83,STS-83,95.0,1038.0,0,0.0,0.0
762,STS-94,STS-94,STS-94,376.0,1038.0,0,0.0,0.0
763,STS-65,STS-65,STS-65,354.0,568.0,0,0.0,0.0
764,STS-95,STS-95,STS-95,214.0,568.0,0,0.0,0.0
765,STS-64,STS-64,STS-64,262.0,3218.83,0,0.0,0.0
766,STS-81,Mir,STS-84,3172.0,3218.83,0,0.0,0.0
767,STS-68,STS-68,STS-68,269.0,1008.0,0,0.0,0.0
768,STS-79,STS-79,STS-79,243.0,1008.0,0,0.0,0.0
769,STS-89,STS-89,STS-89,211.0,1008.0,0,0.0,0.0
770,STS-106,STS-106,STS-106,283.0,1008.0,0,0.0,0.0
771,STS-68,STS-68,STS-68,264.0,960.0,0,0.0,49.8
772,STS-82,STS-82,STS-82,240.0,960.0,3,19.17,49.8
773,STS-103,STS-103,STS-103,192.0,960.0,2,16.38,49.8
774,STS-110,STS-110,STS-110,264.0,960.0,2,14.25,49.8
775,Soyuz TM­20,Mir,Soyuz TM­20,4061.0,4282.68,0,0.0,0.0
776,STS­84,STS­84,STS­84,221.0,4282.68,0,0.0,0.0
777,STS-66,STS-66,STS-66,262.0,1045.25,0,0.0,46.48
778,STS-82,STS-82,STS-82,239.0,1045.25,2,14.02,46.48
779,STS-97,STS-97,STS-97,259.0,1045.25,3,19.33,46.48
780,STS-115,STS-115,STS-115,283.0,1045.25,2,13.13,46.48
781,STS-66,STS-66,STS-66,263.0,675.1,0,0.0,0.0
782,STS-84,STS-84,STS-84,221.1,675.1,0,0.0,0.0
783,STS-103,STS-103,STS-103,191.0,675.1,0,0.0,0.0
784,STS-66,STS-66,STS-66,262.0,1379.0,0,0.0,47.08
785,STS-86,STS-86,STS-86,259.0,1379.0,1,5.017,47.08
786,STS-95,STS-95,STS-95,213.0,1379.0,0,0.0,47.08
787,STS-100,STS-100,STS-100,283.0,1379.0,2,14.83,47.08
788,STS-120,STS-120,STS-120,362.0,1379.0,4,27.23,47.08
789,STS-63,STS-63,STS-63,198.5,872.0,0,0.0,0.0
790,STS-84,STS-84,STS-84,120.0,872.0,0,0.0,0.0
791,STS-93,STS-93,STS-93,119.0,872.0,0,0.0,0.0
792,STS-114,STS-114,STS-114,333.0,872.0,0,0.0,0.0
793,STS-67,STS-67,STS-67,399.0,399.0,0,0.0,0.0
794,STS-67,STS-67,STS-67,399.0,1405.0,0,0.0,59.5
795,STS-81,STS-81,STS-81,244.0,1405.0,0,0.0,59.5
796,STS-103,STS-103,STS-103,191.0,1405.0,2,16.33,59.5
797,STS-109,STS-109,STS-109,262.0,1405.0,3,21.15,59.5
798,STS-125,STS-125,STS-125,309.0,1405.0,3,20.97,59.5
799,STS-67,STS-67,STS-67,399.0,1226.0,0,0.0,0.0
800,STS-86,STS-86,STS-86,259.0,1226.0,0,0.0,0.0
801,STS-91,STS-91,STS-91,235.0,1226.0,0,0.0,0.0
802,STS-114,STS-114,STS-114,333.0,1226.0,0,0.0,0.0
803,Soyuz TM­21,Mir,STS­71,2768.0,5861.47,3,18.18,36.87
804,STS-105,ISS,STS-108,3092.0,5861.47,4,18.67,36.87
805,STS­71,Mir,Soyuz TM­21,1811.0,10657.42,3,14.53,46.02
806,Soyuz TM­27,Mir,Soyuz TM­27,4980.0,10657.42,5,31.48,46.02
807,STS­113,ISS,Soyuz TMA­1,3865.0,10657.42,0,0.0,46.02
808,STS-70,STS-70,STS-70,214.0,1266.35,0,0.0,0.0
809,STS-78,STS-78,STS-78,405.0,1266.35,0,0.0,0.0
810,STS-87,STS-87,STS-87,376.0,1266.35,0,0.0,0.0
811,STS-99,STS-99,STS-99,269.0,1266.35,0,0.0,0.0
812,STS-70,STS-70,STS-70,236.0,450.5,0,0.0,0.0
813,STS-101,STS-101,STS-101,214.0,450.5,0,0.0,0.0
814,Soyuz TM­22,Mir,Soyuz TM­22,4297.0,7918.73,1,3.1,3.1
815,Soyuz TM­31,ISS,STS­102,3383.0,7918.73,0,0.0,3.1
816,Soyuz TM­34,Soyuz TM­34,Soyuz TM­33,237.0,7918.73,0,0.0,3.1
817,Soyuz TM-22,Mir,Soyuz TM-22,4297.6,8405.58,2,8.35,14.25
818,STS-121,ISS,STS-116,4108.0,8405.58,1,5.9,14.25
819,STS-69,STS-69,STS-69,260.5,1039.05,1,6.76,23.26
820,STS-83,STS-83,STS-83,95.2,1039.05,0,0.0,23.26
821,STS-94,STS-94,STS-94,376.75,1039.05,0,0.0,23.26
822,STS-104,STS-104,STS-104,306.6,1039.05,3,16.5,23.26
823,STS-73,STS-73,STS-73,381.0,1608.0,0,0.0,0.0
824,STS-80,STS-80,STS-80,423.0,1608.0,0,0.0,0.0
825,STS-85,STS-85,STS-85,55.0,1608.0,0,0.0,0.0
826,STS-96,STS-96,STS-96,235.0,1608.0,0,0.0,0.0
827,STS-100,STS-100,STS-100,285.0,1608.0,0,0.0,0.0
828,STS-73,STS-73,STS-73,382.0,500.0,0,0.0,0.0
829,STS-93,STS-93,STS-93,119.0,500.0,0,0.0,0.0
830,Soyuz TMA-20,ISS,Soyuz TMA-20,3823.0,500.0,0,0.0,0.0
831,STS-73,STS-73,STS-73,381.0,6190.67,0,0.0,67.67
832,STS-92,STS-92,STS-92,309.0,6190.67,2,14.05,67.67
833,STS-113,STS-113,STS-113,330.0,6190.67,3,19.92,67.67
834,Soyuz TMA-9,ISS,Soyuz TMA-9,5168.0,6190.67,5,33.7,67.67
835,STS-73,STS-73,STS-73,382.02,382.02,0,0.0,0.0
836,STS-73,STS-73,STS-73,382.02,382.02,0,0.0,0.0
837,STS-74,STS-74,STS-74,196.5,4191.82,0,0.0,14.83
838,STS-100,STS-100,STS-100,285.5,4191.82,2,14.83,14.83
839,Soyuz TMA-07M,ISS,Soyuz TMA-07M,3710.32,4191.82,0,0.0,14.83
840,STS-72,STS-72,STS-72,214.0,1002.02,0,0.0,0.0
841,STS-81,STS-81,STS-81,244.0,1002.02,0,0.0,0.0
842,STS-97,STS-97,STS-97,259.0,1002.02,0,0.0,0.0
843,STS-115,STS-115,STS-115,283.0,1002.02,0,0.0,0.0
844,STS-72,STS-72,STS-72,214.0,590.0,1,6.68,19.38
845,STS-87,STS-87,STS-87,376.0,590.0,2,12.7,19.38
846,STS-72,STS-72,STS-72,214.0,8336.5,0,0.0,0.0
847,STS-92,STS-92,STS-92,309.75,8336.5,0,0.0,0.0
848,STS-119,ISS,STS-127,3303.0,8336.5,0,0.0,0.0
849,Soyuz TMA-11M,ISS,Soyuz TMA-11M,4509.75,8336.5,0,0.0,0.0
850,STS-72,STS-72,STS-72,214.0,734.0,1,6.15,25.82
851,STS-96,STS-96,STS-96,235.0,734.0,1,7.92,25.82
852,STS-105,STS-105,STS-105,285.0,734.0,2,11.75,25.82
853,Soyuz TM­23,Mir,Soyuz TM­23,4651.0,9350.77,6,30.5,42.53
854,STS­108,ISS,STS­111,4699.0,9350.77,2,12.03,42.53
855,STS-75,STS-75,STS-75,378.0,1138.68,0,0.0,0.0
856,STS-82,STS-82,STS-82,277.0,1138.68,0,0.0,0.0
857,STS-101,STS-101,STS-101,237.0,1138.68,0,0.0,0.0
858,STS-105,STS-105,STS-105,285.0,1138.68,0,0.0,0.0
859,STS-75,STS-75,STS-75,377.68,377.68,0,0.0,0.0
860,STS-75,STS-75,STS-75,377.67,663.17,0,0.0,0.0
861,STS-100,STS-100,STS-100,285.5,663.17,0,0.0,0.0
862,STS-77,STS-77,STS-77,240.0,4264.0,0,0.0,6.35
863,STS-89,Mir,STS-91,3384.0,4264.0,0,0.0,6.35
864,STS-102,STS-102,STS-102,307.0,4264.0,1,6.35,6.35
865,STS-114,STS-114,STS-114,333.0,4264.0,0,0.0,6.35
866,STS-78,STS-78,STS-78,405.0,1427.0,0,0.0,42.2
867,STS-90,STS-90,STS-90,382.0,1427.0,0,0.0,42.2
868,STS-109,STS-109,STS-109,262.0,1427.0,3,20.92,42.2
869,STS-123,STS-123,STS-123,378.0,1427.0,3,21.28,42.2
870,STS-78,STS-78,STS-78,405.0,405.0,0,0.0,0.0
871,STS-78,STS-78,STS-78,405.8,405.8,0,0.0,0.0
872,STS-78,STS-78,STS-78,405.8,4917.8,0,0.0,0.0
873,Soyuz TMA-15,ISS,Soyuz TMA-15,4512.0,4917.8,0,0.0,0.0
874,Soyuz TM­24,Mir,Soyuz TM­24,4721.0,9159.68,2,12.6,22.33
875,STS­111,ISS,STS­113,4438.0,9159.68,2,9.73,22.33
876,Soyuz TM-24,Soyuz TM-24,Soyuz TM-23,378.4,614.37,0,0.0,0.0
877,Soyuz TM-33,Soyuz TM-33,Soyuz TM-32,236.0,614.37,0,0.0,0.0
878,Soyuz TM­25,Mir,Soyuz TM­25,4438.0,4438.12,0,0.0,0.0
879,Soyuz TM-25,Soyuz TM-25,Soyuz TM-24,472.57,472.57,0,0.0,0.0
880,STS-83,STS-83,STS-83,95.0,471.0,0,0.0,0.0
881,STS-94,STS-94,STS-94,376.0,471.0,0,0.0,0.0
882,STS-83,STS-83,STS-83,95.54,4576.07,0,0.0,0.0
883,STS-94,STS-94,STS-94,377.01,4576.07,0,0.0,0.0
884,STS-83,STS-83,STS-83,95.54,4576.07,0,0.0,0.0
885,STS-94,STS-94,STS-94,377.01,4576.07,0,0.0,0.0
886,STS-84,STS-84,STS-84,221.0,481.0,0,0.0,19.33
887,STS-97,STS-97,STS-97,260.0,481.0,3,19.33,19.33
888,STS-84,STS-84,STS-84,221.0,4943.3,0,0.0,6.23
889,STS-106,STS-106,STS-106,283.0,4943.3,1,6.23,6.23
890,Soyuz TMA-2,ISS,Soyuz TMA-2,4439.0,4943.3,0,0.0,6.23
891,Soyuz TM­26,Mir,Soyuz TM­26,4745.0,13126.53,5,25.27,38.4
892,Soyuz TMA­8,ISS,Soyuz TMA­8,4390.0,13126.53,1,6.52,38.4
893,Soyuz TMA­08M,ISS,Soyuz TMA­08M,3990.0,13126.53,1,6.62,38.4
894,STS-85,STS-85,STS-85,284.0,902.0,0,0.0,45.55
895,STS-98,STS-98,STS-98,309.0,902.0,3,19.82,45.55
896,STS-116,STS-116,STS-116,309.0,902.0,4,24.75,45.55
897,STS-85,STS-85,STS-85,284.0,1156.0,0,0.0,20.08
898,STS-95,STS-95,STS-95,213.0,1156.0,0,0.0,20.08
899,STS-114,STS-114,STS-114,333.0,1156.0,3,20.08,20.08
900,STS-130,STS-130,STS-130,330.0,1156.0,0,0.0,20.08
901,STS-85,STS-85,STS-85,284.0,284.0,0,0.0,0.0
902,STS-86,STS-86,STS-86,259.0,779.0,0,0.0,0.0
903,STS-97,STS-97,STS-97,260.0,779.0,0,0.0,0.0
904,STS-110,STS-110,STS-110,260.0,779.0,0,0.0,0.0
905,STS-87,STS-87,STS-87,376.0,1508.0,0,0.0,0.0
906,STS-95,STS-95,STS-95,213.0,1508.0,0,0.0,0.0
907,STS-104,STS-104,STS-104,306.0,1508.0,0,0.0,0.0
908,STS-121,STS-121,STS-121,306.0,1508.0,0,0.0,0.0
909,STS-133,STS-133,STS-133,307.0,1508.0,0,0.0,0.0
910,STS-87,STS-87,STS-87,376.0,758.0,0,0.0,0.0
911,STS-107,STS-107,Exploded,382.0,758.0,0,0.0,0.0
912,STS-87,STS-87,STS-87,376.5,763.6,2,12.7,12.7
913,STS-123,STS-123,STS-123,378.3,763.6,0,0.0,12.7
914,STS87,STS87,STS87,376.0,376.57,0,0.0,0.0
915,STS-89,STS-89,STS-89,211.0,211.0,0,0.0,0.0
916,STS-89,STS-89,STS-89,211.0,853.0,0,0.0,30.72
917,STS-104,STS-104,STS-104,306.0,853.0,3,16.48,30.72
918,STS-117,STS-117,STS-117,336.0,853.0,2,14.22,30.72
919,STS-89,STS-89,STS-89,211.0,593.0,0,0.0,0.0
920,STS-107,STS-107,STS-107,382.0,593.0,0,0.0,0.0
921,STS­89,Mir,STS­89,211.0,4838.83,0,0.0,10.0
922,Soyuz TMA­5,ISS,Soyuz TMA­5,4627.0,4838.83,2,10.0,10.0
923,Soyuz TM-27,Soyuz TM-27,Soyuz TM-26,496.5,1653.52,0,0.0,0.0
924,STS-122,ISS,STS-123,1157.0,1653.52,0,0.0,0.0
925,STS-90,STS-90,STS-90,382.0,1224.0,0,0.0,0.0
926,STS-106,STS-106,STS-106,283.0,1224.0,0,0.0,0.0
927,STS-109,STS-109,STS-109,262.0,1224.0,0,0.0,0.0
928,STS-125,STS-125,STS-125,309.0,1224.0,0,0.0,0.0
929,STS-90,STS-90,STS-90,381.0,711.0,0,0.0,0.0
930,STS-130,STS-130,STS-130,330.0,711.0,0,0.0,0.0
931,STS-90,STS-90,STS-90,381.85,676.85,0,0.0,17.78
932,STS-118,STS-118,STS-118,305.0,676.85,3,17.78,17.78
933,STS-90,STS-90,STS-90,382.31,382.31,0,0.0,0.0
934,STS-90,STS-90,STS-90,382.31,382.31,0,0.0,0.0
935,STS-91,STS-91,STS-91,235.0,1176.1,0,0.0,0.0
936,STS-99,STS-99,STS-99,269.0,1176.1,0,0.0,0.0
937,STS-108,STS-108,STS-108,283.0,1176.1,0,0.0,0.0
938,STS-123,STS-123,STS-123,378.0,1176.1,0,0.0,0.0
939,STS-91,STS-91,STS-91,235.0,810.0,0,0.0,0.0
940,STS-99,STS-99,STS-99,269.0,810.0,0,0.0,0.0
941,STS-104,STS-104,STS-104,306.0,810.0,0,0.0,0.0
942,Soyuz TM­28,Mir,Soyuz TM­28,4768.0,21083.52,1,5.9,37.95
943,Soyuz TMA­4,ISS,Soyuz TMA­4,4509.0,21083.52,4,15.73,37.95
944,Soyuz TMA­14,ISS,Soyuz TMA­14,4768.0,21083.52,1,4.9,37.95
945,Soyuz TMA­04M,ISS,Soyuz TMA­04M,2999.0,21083.52,1,5.85,37.95
946,Soyuz TMA­16M,ISS,Soyuz TMA­16M,4037.0,21083.52,1,5.57,37.95
947,Soyuz TM­28,Mir,Soyuz TM­27,283.0,473.75,0,0.0,0.0
948,STS-95,STS-95,STS-95,213.73,450.76,0,0.0,0.0
949,Soyuz TM­32,Soyuz TM­32,Soyuz TM­31,190.0,473.75,0,0.0,0.0
950,Soyuz TMA-3,Soyuz TMA-3,Soyuz TMA-2,237.03,450.76,0,0.0,0.0
951,STS-88,STS-88,STS-88,283.0,1237.0,0,0.0,0.0
952,STS-105,STS-105,STS-105,285.0,1237.0,0,0.0,0.0
953,STS-117,STS-117,STS-117,336.0,1237.0,0,0.0,0.0
954,STS-128,STS-128,STS-128,333.0,1237.0,0,0.0,0.0
955,Soyuz TM-29,Mir,Soyuz TM-28,190.0,190.0,0,0.0,0.0
956,STS-96,STS-96,STS-96,235.0,617.0,0,0.0,0.0
957,STS-107,STS-107,Exploded,382.0,617.0,0,0.0,0.0
958,STS-96,STS-96,STS-96,235.23,611.98,0,0.0,0.0
959,STS-127,STS-127,STS-127,376.75,611.98,0,0.0,0.0
960,STS­96,STS­96,STS­96,235.0,4791.1,0,0.0,11.08
961,Soyuz TMA­7,ISS,Soyuz TMA­7,4555.0,4791.1,2,11.08,11.08
962,STS-93,STS-93,STS-93,119.0,664.0,0,0.0,0.0
963,STS-100,STS-100,STS-100,285.5,664.0,0,0.0,0.0
964,STS-112,STS-112,STS-112,260.0,664.0,0,0.0,0.0
965,STS-103,STS-103,STS-103,191.0,12490.0,0,0.0,18.33
966,STS-118,STS-118,STS-118,305.0,12490.0,0,0.0,18.33
967,Soyuz TMA-01M,ISS,Soyuz TMA-01M,3825.0,12490.0,0,0.0,18.33
968,Soyuz TMA-16M,ISS,Soyuz TMA-18M,8163.0,12490.0,3,18.33,18.33
969,STS-99,STS-99,STS-99,269.65,269.65,0,0.0,0.0
970,Soyuz TM­30,Mir,Soyuz TM­30,1747.0,2008.6,1,5.05,5.05
971,Soyuz TMA­1,Soyuz TMA­1,Soyuz TM­34,260.0,2008.6,0,0.0,5.05
972,STS-101,STS-101,STS-101,240.0,12752.0,1,6.73,31.92
973,Soyuz TMA-8,ISS,Soyuz TMA-8,4320.0,12752.0,2,12.42,31.92
974,Soyuz TMA-16,ISS,Soyuz TMA-16,4060.0,12752.0,0,0.0,31.92
975,Soyuz TMA-20M,ISS,Soyuz TMA-20M,4132.0,12752.0,2,12.77,31.92
976,STS-106,STS-106,STS-106,283.0,5460.0,0,0.0,53.07
977,STS-118,STS-118,STS-118,306.0,5460.0,3,18.22,53.07
978,STS-131,STS-131,STS-131,362.0,5460.0,3,20.28,53.07
979,Soyuz TMA-11M,ISS,Soyuz TMA-11M,4509.0,5460.0,3,14.57,53.07
980,STS-106,STS-106,STS-106,283.0,4534.0,0,0.0,7.18
981,STS-115,STS-115,STS-115,283.0,4534.0,1,7.18,7.18
982,Soyuz TMA-22,ISS,Soyuz TMA-22,3968.0,4534.0,0,0.0,7.18
983,STS­106,STS­106,STS­106,283.0,283.2,0,0.0,0.0
984,STS-92,STS-92,STS-92,309.0,930.0,0,0.0,0.0
985,STS-112,STS-112,STS-112,259.0,930.0,0,0.0,0.0
986,STS-120,STS-120,STS-120,362.0,930.0,0,0.0,0.0
987,STS-98,STS-98,STS-98,309.0,993.0,0,0.0,0.0
988,STS-116,STS-116,STS-116,308.0,993.0,0,0.0,0.0
989,STS-127,STS-127,STS-127,377.0,993.0,0,0.0,0.0
990,STS-102,STS-102,STS-102,307.0,640.0,0,0.0,0.0
991,STS-114,STS-114,STS-114,333.0,640.0,0,0.0,0.0
992,STS-102,STS-102,STS-102,307.0,307.0,1,6.35,6.35
993,STS-100,STS-100,STS-100,285.0,4872.0,0,0.0,4.78
994,Soyuz TMA-6,ISS,Soyuz TMA-6,4296.0,4872.0,1,4.78,4.78
995,STS-119,STS-119,STS-119,307.5,4872.0,0,0.0,4.78
996,STS­100,STS­100,STS­100,285.0,4818.65,0,0.0,10.28
997,Soyuz TMA­1,Soyuz TMA­1,Soyuz TM­34,260.0,4818.65,0,0.0,10.28
998,Soyuz TMA­13,ISS,Soyuz TMA­13,4272.0,4818.65,2,10.28,10.28
999,Soyuz TM-32,Soyuz TM-32,Soyz TM-31,190.13,190.13,0,0.0,0.0
1000,STS-104,STS-104,STS-104,306.0,871.78,0,0.0,0.0
1001,STS-118,STS-118,STS-118,305.0,871.78,0,0.0,0.0
1002,STS-129,STS-129,STS-129,259.0,871.78,0,0.0,0.0
1003,STS-105,STS-105,STS-105,285.0,950.0,2,11.75,25.5
1004,STS-117,STS-117,STS-117,332.0,950.0,2,13.75,25.5
1005,STS-128,STS-128,STS-128,333.0,950.0,0,0.0,25.5
1006,STS­105,ISS,STS­108,3092.0,12770.85,3,13.58,25.52
1007,Soyuz TMA­9,ISS,Soyuz TMA­9,5168.0,12770.85,2,11.93,25.52
1008,Soyuz TMA­11M,ISS,Soyuz TMA­11M,4509.0,12770.85,0,0.0,25.52
1009,Soyuz TM­33,Soyuz TM­33,Soyuz TM­32,235.0,235.98,0,0.0,0.0
1010,STS-108,STS-108,STS-108,283.0,1297.0,0,0.0,0.0
1011,STS-121,STS-121,STS-121,307.0,1297.0,0,0.0,0.0
1012,STS-124,STS-124,STS-124,330.0,1297.0,0,0.0,0.0
1013,STS-134,STS-134,STS-134,377.0,1297.0,0,0.0,0.0
1014,STS-108,STS-108,STS-108,283.0,3163.0,1,4.2,39.18
1015,STS-120,ISS,STS-122,2880.0,3163.0,5,34.98,39.18
1016,STS-109,STS-109,STS-109,262.0,262.0,0,0.0,0.0
1017,STS-109,STS-109,STS-109,262.0,517.8,2,14.77,30.74
1018,STS-125,STS-125,STS-125,309.0,517.8,2,15.97,30.74
1019,STS-110,STS-110,STS-110,260.0,565.0,0,0.0,0.0
1020,STS-122,STS-122,STS-122,306.0,565.0,0,0.0,0.0
1021,STS-110,STS-110,STS-110,259.0,872.51,2,34.6,56.73
1022,STS-122,STS-122,STS-122,306.0,872.51,3,22.13,56.73
1023,STS-135,STS-135,STS-135,306.5,872.51,0,0.0,56.73
1024,STS-110,STS-110,STS-110,259.0,259.0,2,14.12,14.12
1025,Soyuz TMA-34,Soyuz TMA-34,Soyuz TMA-33,237.0,851.65,0,0.0,0.0
1026,Soyuz TMA-6,Soyuz TMA-6,Soyuz TMA-5,237.0,851.65,0,0.0,0.0
1027,STS-134,STS-134,STS-134,377.65,851.65,0,0.0,0.0
1028,Soyuz TM-34,Soyuz TM-34,Soyuz TM-33,237.0,237.0,0,0.0,0.0
1029,STS-111,STS-111,STS-111,332.0,663.38,0,0.0,0.0
1030,STS-113,STS-113,STS-113,330.0,663.38,0,0.0,0.0
1031,STS-111,STS-111,STS-111,332.58,332.58,3,19.52,19.52
1032,STS-111,ISS,STS-113,4438.0,15982.0,1,4.38,60.31
1033,Soyuz TMA-11,ISS,Soyuz TMA-11,4603.0,15982.0,5,35.35,60.31
1034,Soyuz MS-03,ISS,Soyuz MS-04,6941.0,15982.0,4,20.58,60.31
1035,STS­111,ISS,STS­113,4438.0,4438.25,1,5.35,5.35
1036,STS-112,STS-112,STS-112,260.0,3776.0,0,0.0,0.0
1037,STS-126,ISS,STS-119,3210.0,3776.0,0,0.0,0.0
1038,STS-135,STS-135,STS-135,306.0,3776.0,0,0.0,0.0
1039,STS-112,STS-112,STS-112,259.0,839.0,3,19.68,41.17
1040,STS-121,STS-121,STS-121,306.0,839.0,3,21.48,41.17
1041,STS-132,STS-132,STS-132,282.5,839.0,0,0.0,41.17
1042,STS­112,STS­112,STS­112,259.0,16147.0,0,0.0,59.43
1043,Soyuz TMA­10,ISS,Soyuz TMA­10,4721.0,16147.0,3,18.73,59.43
1044,Soyuz TMA­19,ISS,Soyuz TMA­19,3919.0,16147.0,2,13.17,59.43
1045,Soyuz TMA­09M,ISS,Soyuz TMA­09M,3990.0,16147.0,2,20.03,59.43
1046,Soyuz MS-04,ISS,Soyuz MS-04,3258.0,16147.0,1,7.5,59.43
1047,Soyuz TMA-1,Soyuz TMA-1,Soyuz TMA-34,261.0,4769.58,0,0.0,0.0
1048,Soyuz TMA-15,ISS,Soyuz TMA-15,4508.6,4769.58,0,0.0,0.0
1049,STS-113,STS-113,STS-113,330.0,330.0,3,19.92,19.92
1050,STS-113,ISS,Soyuz TMA-1,3865.0,8872.5,2,13.28,13.28
1051,STS-126,STS-126,STS-126,380.5,8872.5,0,0.0,13.28
1052,Soyuz TMA-03M,ISS,Soyuz TMA-03M,4627.0,8872.5,0,0.0,13.28
1053,STS-107,STS-107,STS-107,382.0,382.0,0,0.0,0.0
1054,STS-107,STS-107,STS-107,382.0,382.0,0,0.0,0.0
1055,STS-107,STS-107,STS-107,382.0,382.0,0,0.0,0.0
1056,STS-107,STS-107,Exploded,382.33,382.33,0,0.0,0.0
1057,Shenzhou 5,Shenzhou 5,Shenzhou 5,21.0,21.0,0,0.0,0.0
1058,Soyuz TMA-4,ISS,Soyuz TMA-4,4501.0,9159.0,4,15.75,48.61
1059,Soyuz TMA-13,ISS,Soyuz TMA-13,4280.0,9159.0,2,10.45,48.61
1060,STS-134,STS-134,STS-134,378.0,9159.0,3,22.42,48.61
1061,Soyuz TMA-4,Soyuz TMA-4,Soyuz TMA-3,261.0,4888.0,0,0.0,0.0
1062,Soyuz TMA-03M,ISS,Soyuz TMA-03M,4627.0,4888.0,0,0.0,0.0
1063,Soyuz TMA­5,Soyuz TMA­5,Soyuz TMA­5,237.0,237.5,0,0.0,0.0
1064,STS-114,STS-114,STS-114,333.55,4251.1,3,20.08,20.08
1065,Soyuz TMA-17,ISS,Soyuz TMA-17,3917.55,4251.1,0,0.0,20.08
1066,STS-114,STS-114,STS-114,333.0,333.0,0,0.0,0.0
1067,Soyuz TMA-7,Soyuz TMA-7,Soyuz TMA-7,237.29,237.29,0,0.0,0.0
1068,Shenzhou 6,Shenzhou 6,Shenzhou 6,115.0,115.0,0,0.0,0.0
1069,Shenzhou 6,Shenzhou 6,Shenzhou 6,116.0,466.0,0,0.0,0.0
1070,Shenzhou 10,Shenzhou 10,Shenzhou 10,350.0,466.0,0,0.0,0.0
1071,Soyuz TMA-8,Soyuz TMA-8,Soyuz TMA-7,237.28,237.28,0,0.0,0.0
1072,STS-121,STS-121,STS-121,307.0,4651.0,3,21.48,48.53
1073,STS-124,STS-124,STS-124,330.0,4651.0,3,20.53,48.53
1074,Soyuz TMA-02M,ISS,Soyuz TMA-02M,4014.0,4651.0,1,6.52,48.53
1075,STS-121,STS-121,STS-121,306.0,306.0,0,0.0,0.0
1076,STS-121,STS-121,STS-121,306.0,1031.77,0,0.0,0.0
1077,STS-120,STS-120,STS-120,362.0,1031.77,0,0.0,0.0
1078,STS-131,STS-131,STS-131,362.0,1031.77,0,0.0,0.0
1079,STS-115,STS-115,STS-115,283.0,672.0,0,0.0,0.0
1080,STS-126,STS-126,STS-126,380.5,672.0,0,0.0,0.0
1081,STS-135,STS-135,STS-135,306.5,672.0,0,0.0,0.0
1082,STS-115,STS-115,STS-115,288.0,648.0,2,13.13,33.7
1083,STS-126,STS-126,STS-126,360.0,648.0,3,20.57,33.7
1084,Soyuz TMA-9,Soyuz TMA-9,Soyuz TMA-8,261.525,261.525,0,0.0,0.0
1085,STS-116,STS-116,STS-116,308.0,308.0,0,0.0,0.0
1086,STS-116,STS-116,STS-116,308.0,638.0,0,0.0,18.23
1087,STS-130,STS-130,STS-130,330.0,638.0,3,18.23,18.23
1088,STS-116,STS-116,STS-116,308.73,641.63,3,18.23,31.9
1089,STS-128,STS-128,STS-128,332.9,641.63,2,13.67,31.9
1090,STS-116,STS-116,STS-116,308.0,308.0,0,0.0,0.0
1091,STS-116,ISS,STS-117,4674.0,7722.0,4,28.28,50.67
1092,Soyuz TMA-05M,ISS,Soyuz TMA-06M,3048.0,7722.0,3,21.38,50.67
1093,Soyuz TMA­10,ISS,Soyuz TMA­10,4721.0,12629.03,2,11.05,36.7
1094,Soyuz TMA­17,ISS,Soyuz TMA­17,3917.0,12629.03,1,5.73,36.7
1095,Soyuz TMA­10M,ISS,Soyuz TMA­10M,3990.0,12629.03,3,19.92,36.7
1096,Soyuz TMA-10,Soyuz TMA-10,Soyuz TMA-10,331.4,638.77,0,0.0,0.0
1097,Soyuz TMA-14,Soyuz TMA-14,Soyuz TMA-14,307.85,638.77,0,0.0,0.0
1098,STS-117,STS-117,STS-117,332.0,639.5,0,0.0,0.0
1099,STS-119,STS-119,STS-119,307.5,639.5,0,0.0,0.0
1100,STS-117,STS-117,STS-117,332.22,4646.85,3,13.75,27.9
1101,STS-119,STS-119,STS-119,307.5,4646.85,2,12.93,27.9
1102,Soyuz TMA-12M,ISS,Soyuz TMA-12M,4007.13,4646.85,0,0.0,27.9
1103,STS-117,STS-117,STS-117,332.0,668.0,2,14.22,34.47
1104,STS-128,STS-128,STS-128,333.0,668.0,3,20.25,34.47
1105,STS-117,ISS,STS-120,3642.0,4046.0,3,18.13,38.46
1106,STS-131,STS-131,STS-131,363.0,4046.0,3,20.28,38.46
1107,STS-118,STS-118,STS-118,306.0,4526.0,0,0.0,22.81
1108,Soyuz TMA-18,ISS,Soyuz TMA-18,4220.0,4526.0,3,22.81,22.81
1109,STS-118,STS-118,STS-118,306.0,613.0,0,0.0,12.8
1110,STS-133,STS-133,STS-133,307.0,613.0,2,12.8,12.8
1111,STS-118,STS-118,STS-118,305.0,305.0,0,0.0,0.0
1112,Soyuz TMA-11,Soyuz TMA-11,Soyuz TMA-10,261.23,261.23,0,0.0,0.0
1113,STS-120,STS-120,STS-120,362.0,692.53,0,0.0,0.0
1114,STS-130,STS-130,STS-130,306.1,692.53,0,0.0,0.0
1115,STS-120,STS-120,STS-120,360.0,4281.57,3,20.68,41.5
1116,Soyuz TMA-19,ISS,Soyuz TMA-19,3912.0,4281.57,3,22.82,41.5
1117,STS-120,STS-120,STS-120,362.4,7514.61,0,0.0,0.0
1118,Soyuz TMA-20,ISS,Soyuz TMA-20,3823.28,7514.61,0,0.0,0.0
1119,Soyuz MS-05,ISS,Soyuz MS-05,3328.93,7514.61,0,0.0,0.0
1120,STS-122,STS-122,STS-122,306.0,669.0,0,0.0,0.0
1121,STS-131,STS-131,STS-131,363.0,669.0,0,0.0,0.0
1122,STS-122,STS-122,STS-122,306.0,565.0,0,0.0,0.0
1123,STS-129,STS-129,STS-129,259.0,565.0,0,0.0,0.0
1124,STS-122,STS-122,STS-122,306.0,306.0,1,15.38,15.38
1125,STS-123,STS-123,STS-123,378.0,755.83,0,0.0,0.0
1126,STS-134,STS-134,STS-134,377.0,755.83,0,0.0,0.0
1127,STS-123,STS-123,STS-123,378.0,708.0,3,19.32,37.54
1128,STS-130,STS-130,STS-130,330.0,708.0,3,18.23,37.54
1129,STS-123,STS-123,STS-123,378.0,637.0,3,19.57,32.31
1130,STS-129,STS-129,STS-129,259.0,637.0,2,12.75,32.31
1131,STS-123,ISS,STS-124,2289.0,2473.0,1,7.0,21.2
1132,STS-132,STS-132,STS-132,282.0,2473.0,2,14.18,21.2
1133,Soyuz TMA­12,ISS,Soyuz TMA­12,4768.0,12786.32,2,12.2,23.28
1134,Soyuz TMA­02M,ISS,Soyuz TMA­02M,4014.0,12786.32,1,6.367,23.28
1135,Soyuz TMA­18M,ISS,Soyuz TMA­18M,4003.0,12786.32,1,4.72,23.28
1136,Soyuz TMA­12,ISS,Soyuz TMA­12,3168.0,16081.0,2,12.2,32.2
1137,Soyuz TMA­03M,ISS,Soyuz TMA­03M,4626.0,16081.0,1,6.25,32.2
1138,Soyuz TMA­17M,ISS,Soyuz TMA­17M,3400.0,16081.0,0,0.0,32.2
1139,Soyuz MS-11,ISS,Soyuz MS-11,4887.0,16081.0,2,13.75,32.2
1140,Soyuz TMA-12,Soyuz TMA-12,Soyuz TMA-11,261.0,261.0,0,0.0,0.0
1141,STS-124,STS-124,STS-124,330.0,612.0,0,0.0,0.0
1142,STS-132,STS-132,STS-132,282.0,612.0,0,0.0,0.0
1143,STS-124,STS-124,STS-124,330.0,4320.0,0,0.0,0.0
1144,Soyuz TMA-09M,ISS,Soyuz TMA-09M,3990.0,4320.0,0,0.0,0.0
1145,STS-124,STS-124,STS-124,330.0,4272.0,3,20.5,27.0
1146,soyuz TMA-21,ISS,soyuz TMA-21,3942.0,4272.0,1,6.5,27.0
1147,STS-124,STS-124,STS-124,306.25,3377.5,0,0.0,21.38
1148,Soyuz TMA-05M,ISS,Soyuz TMA-05M,3047.25,3377.5,3,21.38,21.38
1149,STS-124,ISS,STS-126,4392.5,4770.0,0,0.0,13.72
1150,STS-134,STS-134,STS-134,377.5,4770.0,2,13.72,13.72
1151,Shenzhou 7,Shenzhou 7,Shenzhou 7,68.0,68.0,1,0.23,0.23
1152,Shenzhou 7,Shenzhou 7,Shenzhou 7,68.0,68.0,1,0.03,0.03
1153,Shenzhou 7,Shenzhou 7,Shenzhou 7,68.0,1146.0,0,0.0,0.0
1154,Shenzhou 9,Shenzhou 9,Shenzhou 9,303.5,1146.0,0,0.0,0.0
1155,Shenzhou 11,Shenzhou 11,Shenzhou 11,774.5,1146.0,0,0.0,0.0
1156,Soyuz TMA-13,Soyuz TMA-13,Soyuz TMA-12,284.89,284.89,0,0.0,0.0
1157,STS-126,STS-126,STS-126,380.0,687.0,0,0.0,0.0
1158,STS-133,STS-133,STS-133,307.0,687.0,0,0.0,0.0
1159,STS-126,STS-126,STS-126,380.0,970.0,3,19.85,47.3
1160,STS-132,STS-132,STS-132,283.0,970.0,2,14.57,47.3
1161,STS-133,STS-133,STS-133,307.0,970.0,2,12.8,47.3
1162,STS-126,STS-126,STS-126,380.0,10763.25,0,0.0,26.0
1163,Soyuz MS-02,ISS,Soyuz MS-02,10383.25,10763.25,4,26.0,26.0
1164,STS-119,STS-119,STS-119,287.5,579.0,0,0.0,0.0
1165,STS-132,STS-132,STS-132,281.5,579.0,0,0.0,0.0
1166,STS-119,STS-119,STS-119,307.0,7272.23,2,12.95,19.93
1167,Soyuz TMA-04M,ISS,Soyuz TMA-04M,2928.0,7272.23,0,0.0,19.93
1168,Soyuz MS-06,ISS,Soyuz MS-06,4037.23,7272.23,1,6.98,19.93
1169,STS-119,STS-119,STS-119,307.0,307.0,2,12.57,32.07
1170,Soyuz MS-08,ISS,Soyuz MS-08,4722.0,307.0,3,19.5,32.07
1171,Soyuz TMA-14,ISS,Soyuz TMA-14,4778.0,5085.0,1,5.1,5.1
1172,STS-133,STS-133,STS-133,307.0,5085.0,0,0.0,5.1
1173,STS-125,STS-125,STS-125,309.63,309.63,0,0.0,0.0
1174,STS-125,STS-125,STS-125,309.0,591.15,2,16.08,30.0
1175,STS-132,STS-132,STS-132,282.15,591.15,2,13.92,30.0
1176,STS-125,STS-125,STS-125,309.0,309.0,0,0.0,0.0
1177,STS-125,STS-125,STS-125,309.0,687.0,3,21.0,61.8
1178,STS-134,STS-134,STS-134,378.0,687.0,3,21.3,61.8
1179,Soyuz MS-08,ISS,Soyuz MS-08,4722.0,687.0,3,19.5,61.8
1180,Soyuz TMA­15,ISS,Soyuz TMA­15,4508.0,8003.02,0,0.0,6.62
1181,Soyuz TMA­07M,ISS,Soyuz TMA­07M,3494.0,8003.02,1,6.62,6.62
1182,STS-127,STS-127,STS-127,377.0,683.0,0,0.0,0.0
1183,STS-135,STS-135,STS-135,306.0,683.0,0,0.0,0.0
1184,STS-127,STS-127,STS-127,377.0,4744.0,3,18.08,31.23
1185,Soyuz TMA-08M,ISS,Soyuz TMA-08M,3990.0,4744.0,3,13.5,31.23
1186,STS-127,STS-127,STS-127,376.0,3870.0,3,18.98,24.5
1187,Soyuz TMA-07M,ISS,Soyuz TMA-07M,3494.0,3870.0,1,5.5,24.5
1188,STS-127,ISS,STS-128,1317.0,3315.0,1,5.53,13.51
1189,Soyuz TMA-19M,ISS,Soyuz TMA-19M,1920.0,3315.0,2,7.98,13.51
1190,STS-128,STS-128,STS-128,333.0,3781.0,0,0.0,0.0
1191,Soyuz TMA-06M,ISS,Soyuz TMA-06M,3448.0,3781.0,0,0.0,0.0
1192,STS-128,STS-128,STS-128,332.0,332.0,0,0.0,0.0
1193,STS-128,ISS,STS-129,1440.0,1747.0,1,6.58,6.58
1194,STS-133,STS-133,STS-133,307.0,1747.0,0,0.0,6.58
1195,Soyuz TMA­13M,ISS,Soyuz TMA­13M,3968.0,8028.18,1,3.68,9.42
1196,Soyuz TMA­16,ISS,Soyuz TMA­16,4060.0,8028.18,1,5.73,9.42
1197,Soyuz TMA-16,Soyuz TMA-16,Soyuz TMA-14,261.28,261.28,0,0.0,0.0
1198,STS-129,STS-129,STS-129,259.0,4272.0,0,0.0,25.67
1199,Soyuz TMA-14M,ISS,Soyuz TMA-14M,4013.0,4272.0,4,25.67,25.67
1200,STS-129,STS-129,STS-129,259.0,3587.93,2,11.83,31.33
1201,Soyuz MS-05,ISS,Soyuz MS-05,3328.93,3587.93,3,19.5,31.33
1202,STS-129,STS-129,STS-129,259.0,259.0,2,12.32,12.32
1203,Soyuz TMA-17,ISS,Soyuz TMA-17,3912.0,3912.0,0,0.0,0.0
1204,STS-130,STS-130,STS-130,330.1,5113.62,0,0.0,19.1
1205,Soyuz TMA-15M,ISS,Soyuz TMA-15M,4783.5,5113.62,3,19.1,19.1
1206,Soyuz TMA­18,ISS,Soyuz TMA­18,4225.0,12588.98,0,0.0,12.67
1207,Soyuz TMA­12M,ISS,Soyuz TMA­12M,4061.0,12588.98,2,12.67,12.67
1208,Soyuz MS-13,ISS,not completed yet,4302.98,12588.98,0,0.0,12.67
1209,Soyuz TMA­18,ISS,Soyuz TMA­18,4225.0,12005.43,1,6.72,12.28
1210,Soyuz TMA­16M,ISS,Soyuz TMA­18M,7798.0,12005.43,1,5.57,12.28
1211,STS-131,STS-131,STS-131,362.0,362.0,0,0.0,0.0
1212,STS-131,STS-131,STS-131,362.0,362.0,0,0.0,0.0
1213,STS-131,STS-131,STS-131,362.8,362.8,0,0.0,0.0
1214,soyuz TMA-19,ISS,Soyuz TMA-19,3919.18,3919.18,0,0.0,0.0
1215,Soyuz TMA­01M,ISS,Soyuz TMA­01M,3824.0,10653.3,3,16.65,16.65
1216,Soyuz TMA­20M,ISS,Soyuz TMA­20M,4131.77,10653.3,0,0.0,16.65
1217,Soyuz MS-15,ISS,not completed yet,2697.53,10653.3,0,0.0,16.65
1218,Soyuz TMA­20,ISS,Soyuz TMA­20,3823.0,3823.28,2,10.2,10.2
1219,Soyuz TMA­21,ISS,Soyuz TMA­21,3941.0,7955.38,1,6.37,10.05
1220,Soyuz TMA­14M,ISS,Soyuz TMA­14M,4013.0,7955.38,1,3.63,10.05
1221,Soyuz TMA­21,ISS,Soyuz TMA­21,3941.0,14324.25,0,0.0,0.0
1222,Soyuz MS-02,ISS,Soyuz MS-02,10383.25,14324.25,0,0.0,0.0
1223,Soyuz TMA-02M,ISS,Soyuz TMA-02M,4014.0,4014.0,0,0.0,0.0
1224,Soyuz TMA­22,ISS,Soyuz TMA­22,3967.0,12796.0,1,6.25,14.47
1225,Soyuz TMA­15M,ISS,Soyuz TMA­15M,4792.0,12796.0,0,0.0,14.47
1226,Soyuz MS-07,ISS,Soyuz MS-07,4037.0,12796.0,1,8.22,14.47
1227,Soyuz TMA­22,ISS,Soyuz TMA­22,3967.0,6729.0,0,0.0,0.0
1228,Soyuz MS-01,ISS,Soyuz MS-01,2762.0,6729.0,0,0.0,0.0
1229,Soyuz TMA­04M,ISS,Soyuz TMA­04M,2999.0,2999.87,0,0.0,0.0
1230,Shenzhou 9,Shenzhou 9,Shenzhou 9,303.5,312.0,0,0.0,0.0
1231,Shenzhou 9,Shenzhou 9,Shenzhou 9,303.5,312.0,0,0.0,0.0
1232,Soyuz TMA­06M,ISS,Soyuz TMA­06M,3448.0,8169.83,0,0.0,0.0
1233,Soyuz MS-03,ISS,Soyuz MS-03,4721.83,8169.83,0,0.0,0.0
1234,Soyuz TMA­06M,ISS,Soyuz TMA­06M,3448.0,3448.25,0,0.0,0.0
1235,Soyuz TMA-08M,ISS,Soyuz TMA-08M,3990.25,8027.5,3,20.03,28.25
1236,Soyuz MS-06,ISS,Soyuz TMA-08M,4037.25,8027.5,1,8.22,28.25
1237,Soyuz TMA-09M,ISS,Soyuz TMA-09M,3990.28,8293.31,2,7.65,26.88
1238,Soyuz MS-13,ISS,not completed yet,4303.03,8293.31,3,19.23,26.88
1239,Shenzhou 10,Shenzhou 10,Shenzhou 10,350.0,350.0,0,0.0,0.0
1240,Shenzhou 10,Shenzhou 10,Shenzhou 10,350.0,350.0,0,0.0,0.0
1241,Soyuz TMA­10M,ISS,Soyuz TMA­10M,3990.0,7318.93,3,19.92,26.92
1242,Soyuz MS-05,ISS,Soyuz MS-05,3328.93,7318.93,1,7.0,26.92
1243,Soyuz TMA-10M,ISS,Soyuz TMA-10M,3990.42,3990.42,2,12.97,12.97
1244,Soyuz TM­A12M,ISS,Soyuz TM­A12M,4062.0,8784.0,2,12.57,20.34
1245,Soyuz MS-08,ISS,Soyuz MS-08,4722.0,8784.0,1,7.77,20.34
1246,Soyuz TMA-13M,ISS,Soyuz TMA-13M,3968.1,3968.1,2,12.78,12.78
1247,Soyuz TMA-13M,ISS,Soyuz TMA-13M,3968.02,8689.84,1,6.22,6.22
1248,Soyuz MS-09,ISS,Soyuz MS-09,4721.82,8689.84,0,0.0,6.22
1249,Soyuz TMA­14M,ISS,Soyuz TMA­14M,4013.0,4013.7,0,0.0,0.0
1250,Soyuz TMA-15M,ISS,Soyuz TMA-15M,4783.5,4783.5,0,0.0,0.0
1251,Soyuz TMA-17M,ISS,Soyuz TMA-17M,3400.0,3400.0,0,0.0,0.0
1252,Soyuz TMA-17M,ISS,Soyuz TMA-17M,3400.15,3400.15,2,15.07,15.07
1253,Soyuz TMA-18M,Soyuz TMA-18M,Soyuz TMA-16M,236.23,236.23,0,0.0,0.0
1254,Soyuz TMA-18M,Soyuz TMA-18M/16M,Soyuz TMA-16M,236.23,236.23,0,0.0,0.0
1255,Soyuz TMA-19M,ISS,Soyuz TMA-19M,4462.0,4462.0,1,4.72,4.72
1256,Soyuz TMA­20M,ISS,Soyuz TMA­20M,4132.0,8995.75,0,0.0,6.0
1257,Soyuz MS-10,aborted,aborted,0.0,8995.75,0,0.0,6.0
1258,Soyuz MS-12,ISS,Soyuz MS-12,4863.75,8995.75,1,6.0,6.0
1259,Soyuz MS,ISS,Soyuz MS,6902.35,6902.35,0,0.0,0.0
1260,Soyuz MS,ISS,Soyuz MS,6902.35,6902.35,2,12.77,12.77
1261,Shenzhou 11,Shenzhou 11,Shenzhou 11,774.5,774.5,0,0.0,0.0
1262,Soyuz MS-02,ISS,Soyuz MS-02,10383.25,10383.25,0,0.0,0.0
1263,Soyuz MS-03,ISS,Soyuz MS-03,4721.83,15105.08,2,13.0,13.0
1264,Soyuz MS-04,ISS,Soyuz MS-04,3258.13,3258.13,2,7.0,7.0
1265,Soyuz MS-06,ISS,Soyuz MS-06,4037.23,4037.23,4,27.0,27.0
1266,Soyuz MS-07,ISS,Soyuz MS-07,4037.0,4037.0,1,7.4,7.4
1267,Soyuz MS-07,ISS,Soyuz MS-07,4037.0,4037.0,1,5.95,5.95
1268,Soyuz MS-09,ISS,Soyuz MS-09,4722.0,4722.0,2,15.52,15.52
1269,Soyuz MS-09,ISS,Soyuz MS-09,4722.0,4722.0,0,0.0,0.0
1270,Soyuz MS-10,aborted,aborted,0.0,4864.0,3,19.93,19.93
1271,Soyuz MS-12,ISS,Soyuz MS-12,4864.0,4864.0,3,19.93,19.93
1272,Soyuz MS-11,ISS,Soyuz MS-11,4887.0,4887.0,1,6.5,6.5
1273,Soyuz MS-11,ISS,Soyuz MS-11,4887.0,4887.0,2,13.13,13.13
1274,Soyuz MS-12,ISS,not completed yet,7372.3,7372.3,4,27.8,27.8
1275,Soyuz MS-13,ISS,not completed yet,4303.08,4303.08,6,39.52,39.52
1276,Soyuz MS-15,ISS,not completed yet,2697.6,2697.6,1,7.28,7.28
1277,Soyuz MS-15,ISS,Soyuz MS-12,189.0,189.0,0,0.0,0.0
